ORDERNUMBER,QUANTITYORDERED,PRICEEACH,ORDERLINENUMBER,QTR_ID,MONTH_ID,YEAR_ID,MSRP
10107,30,95.7,2,1,2,2003,95
10121,34,81.35,5,2,5,2003,95
10134,41,94.74,2,3,7,2003,95
10145,45,83.26,6,3,8,2003,95
10159,49,100.0,14,4,10,2003,95
10168,36,96.66,1,4,10,2003,95
10180,29,86.13,9,4,11,2003,95
10188,48,100.0,1,4,11,2003,95
10201,22,98.57,2,4,12,2003,95
10211,41,100.0,14,1,1,2004,95
10223,37,100.0,1,1,2,2004,95
10237,23,100.0,7,2,4,2004,95
10251,28,100.0,2,2,5,2004,95
10263,34,100.0,2,2,6,2004,95
10275,45,92.83,1,3,7,2004,95
10285,36,100.0,6,3,8,2004,95
10299,23,100.0,9,3,9,2004,95
10309,41,100.0,5,4,10,2004,95
10318,46,94.74,1,4,11,2004,95
10329,42,100.0,1,4,11,2004,95
10341,41,100.0,9,4,11,2004,95
10361,20,72.55,13,4,12,2004,95
10375,21,34.91,12,1,2,2005,95
10388,42,76.36,4,1,3,2005,95
10403,24,100.0,7,2,4,2005,95
10417,66,100.0,2,2,5,2005,95
10103,26,100.0,11,1,1,2003,214
10112,29,100.0,1,1,3,2003,214
10126,38,100.0,11,2,5,2003,214
10140,37,100.0,11,3,7,2003,214
10150,45,100.0,8,3,9,2003,214
10163,21,100.0,1,4,10,2003,214
10174,34,100.0,4,4,11,2003,214
10183,23,100.0,8,4,11,2003,214
10194,42,100.0,11,4,11,2003,214
10206,47,100.0,6,4,12,2003,214
10215,35,100.0,3,1,1,2004,214
10228,29,100.0,2,1,3,2004,214
10245,34,100.0,9,2,5,2004,214
10258,32,100.0,6,2,6,2004,214
10270,21,100.0,9,3,7,2004,214
10280,34,100.0,2,3,8,2004,214
10291,37,100.0,11,3,9,2004,214
10304,47,100.0,6,4,10,2004,214
10312,48,100.0,3,4,10,2004,214
10322,40,100.0,1,4,11,2004,214
10333,26,100.0,3,4,11,2004,214
10347,30,100.0,1,4,11,2004,214
10357,32,100.0,10,4,12,2004,214
10369,41,100.0,2,1,1,2005,214
10381,36,100.0,3,1,2,2005,214
10391,24,100.0,4,1,3,2005,214
10411,23,100.0,9,2,5,2005,214
10424,50,100.0,6,2,5,2005,214
10107,39,99.91,5,1,2,2003,118
10120,29,96.34,3,2,4,2003,118
10134,27,100.0,5,3,7,2003,118
10145,37,100.0,9,3,8,2003,118
10159,37,100.0,17,4,10,2003,118
10168,27,100.0,4,4,10,2003,118
10180,42,100.0,12,4,11,2003,118
10188,38,96.34,4,4,11,2003,118
10201,24,100.0,5,4,12,2003,118
10210,23,100.0,2,1,1,2004,118
10223,47,100.0,4,1,2,2004,118
10236,22,100.0,1,2,4,2004,118
10251,44,100.0,5,2,5,2004,118
10263,40,100.0,5,2,6,2004,118
10275,22,100.0,4,3,7,2004,118
10285,47,100.0,9,3,8,2004,118
10298,39,96.34,1,3,9,2004,118
10308,34,100.0,2,4,10,2004,118
10318,45,100.0,4,4,11,2004,118
10329,20,100.0,2,4,11,2004,118
10339,40,68.92,4,4,11,2004,118
10361,26,51.15,8,4,12,2004,118
10374,39,100.0,5,1,2,2005,118
10388,50,44.51,5,1,3,2005,118
10402,45,100.0,1,2,4,2005,118
10417,45,100.0,5,2,5,2005,118
10107,27,100.0,4,1,2,2003,193
10120,46,100.0,2,2,4,2003,193
10134,31,100.0,4,3,7,2003,193
10145,33,100.0,8,3,8,2003,193
10159,22,100.0,16,4,10,2003,193
10168,20,100.0,3,4,10,2003,193
10180,41,100.0,11,4,11,2003,193
10188,45,100.0,3,4,11,2003,193
10201,49,100.0,4,4,12,2003,193
10210,34,100.0,1,1,1,2004,193
10223,49,100.0,3,1,2,2004,193
10237,39,100.0,9,2,4,2004,193
10251,43,100.0,4,2,5,2004,193
10263,41,100.0,4,2,6,2004,193
10275,36,100.0,3,3,7,2004,193
10285,27,100.0,8,3,8,2004,193
10299,29,100.0,11,3,9,2004,193
10308,20,100.0,1,4,10,2004,193
10318,37,100.0,3,4,11,2004,193
10329,26,100.0,3,4,11,2004,193
10339,39,76.67,3,4,11,2004,193
10362,22,100.0,4,1,1,2005,193
10374,22,100.0,1,1,2,2005,193
10388,21,86.77,7,1,3,2005,193
10403,66,100.0,9,2,4,2005,193
10417,56,100.0,4,2,5,2005,193
10105,50,100.0,2,1,2,2003,136
10119,46,100.0,11,2,4,2003,136
10129,33,100.0,2,2,6,2003,136
10143,49,100.0,15,3,8,2003,136
10155,32,100.0,13,4,10,2003,136
10167,44,100.0,9,4,10,2003,136
10178,24,100.0,12,4,11,2003,136
10186,26,100.0,9,4,11,2003,136
10197,45,100.0,6,4,11,2003,136
10209,39,100.0,8,1,1,2004,136
10222,49,100.0,12,1,2,2004,136
10248,20,100.0,3,2,5,2004,136
10261,27,100.0,1,2,6,2004,136
10273,30,100.0,4,3,7,2004,136
10283,25,100.0,6,3,8,2004,136
10295,24,100.0,1,3,9,2004,136
10307,22,100.0,9,4,10,2004,136
10316,33,100.0,17,4,11,2004,136
10325,47,64.93,6,4,11,2004,136
10337,25,48.05,8,4,11,2004,136
10350,26,75.47,5,4,12,2004,136
10359,48,54.68,6,4,12,2004,136
10373,39,100.0,3,1,1,2005,136
10384,34,100.0,4,1,2,2005,136
10395,32,100.0,2,1,3,2005,136
10400,64,100.0,9,2,4,2005,136
10414,19,100.0,3,2,5,2005,136
10103,42,100.0,4,1,1,2003,147
10114,31,100.0,8,2,4,2003,147
10126,22,100.0,4,2,5,2003,147
10140,26,100.0,4,3,7,2003,147
10150,20,100.0,1,3,9,2003,147
10164,21,100.0,2,4,10,2003,147
10175,33,100.0,9,4,11,2003,147
10183,28,100.0,1,4,11,2003,147
10194,26,100.0,4,4,11,2003,147
10207,31,100.0,15,4,12,2003,147
10217,48,100.0,4,1,2,2004,147
10229,50,100.0,9,1,3,2004,147
10245,28,100.0,2,2,5,2004,147
10259,26,100.0,12,2,6,2004,147
10270,32,100.0,2,3,7,2004,147
10281,44,100.0,9,3,8,2004,147
10291,30,100.0,4,3,9,2004,147
10305,38,100.0,13,4,10,2004,147
10313,40,100.0,7,4,10,2004,147
10322,46,61.99,8,4,11,2004,147
10334,26,100.0,2,4,11,2004,147
10347,27,100.0,2,4,11,2004,147
10357,43,100.0,9,4,12,2004,147
10370,35,65.63,4,1,1,2005,147
10381,37,100.0,6,1,2,2005,147
10391,37,46.9,7,1,3,2005,147
10411,27,100.0,2,2,5,2005,147
10425,38,100.0,12,2,5,2005,147
10108,33,100.0,6,1,3,2003,194
10122,42,100.0,10,2,5,2003,194
10135,42,100.0,7,3,7,2003,194
10147,48,100.0,7,3,9,2003,194
10159,41,100.0,2,4,10,2003,194
10169,30,100.0,2,4,11,2003,194
10181,27,100.0,14,4,11,2003,194
10191,21,100.0,3,4,11,2003,194
10203,20,100.0,8,4,12,2003,194
10211,41,100.0,2,1,1,2004,194
10225,27,100.0,9,1,2,2004,194
10238,28,100.0,3,2,4,2004,194
10253,24,100.0,13,2,6,2004,194
10266,44,100.0,14,3,7,2004,194
10276,50,100.0,3,3,8,2004,194
10287,21,100.0,12,3,8,2004,194
10300,33,100.0,5,4,10,2003,194
10310,33,100.0,10,4,10,2004,194
10320,31,100.0,3,4,11,2004,194
10329,41,71.47,5,4,11,2004,194
10341,45,79.65,2,4,11,2004,194
10363,33,85.39,3,1,1,2005,194
10375,45,76.0,7,1,2,2005,194
10389,26,99.04,4,1,3,2005,194
10419,12,100.0,13,2,5,2005,194
10105,41,100.0,15,1,2,2003,207
10117,33,100.0,9,2,4,2003,207
10127,46,100.0,2,2,6,2003,207
10142,33,100.0,12,3,8,2003,207
10153,20,100.0,11,3,9,2003,207
10165,44,100.0,3,4,10,2003,207
10176,33,100.0,2,4,11,2003,207
10185,21,100.0,13,4,11,2003,207
10196,47,100.0,5,4,11,2003,207
10208,46,100.0,13,1,1,2004,207
10220,32,100.0,2,1,2,2004,207
10231,42,100.0,2,1,3,2004,207
10247,44,100.0,2,2,5,2004,207
10272,35,100.0,2,3,7,2004,207
10282,41,100.0,5,3,8,2004,207
10293,46,100.0,8,3,9,2004,207
10306,31,100.0,13,4,10,2004,207
10314,38,100.0,5,4,10,2004,207
10325,42,64.0,8,4,11,2004,207
10336,33,57.22,10,4,11,2004,207
10348,48,52.36,8,4,11,2004,207
10359,42,100.0,8,4,12,2004,207
10371,32,100.0,6,1,1,2005,207
10382,34,100.0,10,1,2,2005,207
10395,33,69.12,1,1,3,2005,207
10413,36,100.0,2,2,5,2005,207
10103,27,100.0,8,1,1,2003,136
10113,21,100.0,2,1,3,2003,136
10126,21,100.0,8,2,5,2003,136
10140,38,100.0,8,3,7,2003,136
10150,30,100.0,5,3,9,2003,136
10164,49,100.0,6,4,10,2003,136
10174,43,100.0,1,4,11,2003,136
10183,41,100.0,5,4,11,2003,136
10194,38,100.0,8,4,11,2003,136
10206,28,100.0,3,4,12,2003,136
10216,43,100.0,1,1,2,2004,136
10229,25,100.0,13,1,3,2004,136
10245,38,100.0,6,2,5,2004,136
10258,41,100.0,3,2,6,2004,136
10270,28,100.0,6,3,7,2004,136
10281,25,100.0,13,3,8,2004,136
10291,41,100.0,8,3,9,2004,136
10304,39,100.0,3,4,10,2004,136
10313,21,100.0,11,4,10,2004,136
10322,27,100.0,9,4,11,2004,136
10333,33,99.21,6,4,11,2004,136
10347,29,100.0,3,4,11,2004,136
10357,49,100.0,8,4,12,2004,136
10370,49,100.0,8,1,1,2005,136
10381,20,100.0,1,1,2,2005,136
10391,39,63.2,9,1,3,2005,136
10411,40,100.0,6,2,5,2005,136
10424,49,100.0,3,2,5,2005,136
10107,21,100.0,1,1,2,2003,150
10121,50,100.0,4,2,5,2003,150
10134,20,100.0,1,3,7,2003,150
10145,49,100.0,5,3,8,2003,150
10159,38,100.0,13,4,10,2003,150
10169,35,100.0,13,4,11,2003,150
10180,40,100.0,8,4,11,2003,150
10189,28,100.0,1,4,11,2003,150
10201,25,100.0,1,4,12,2003,150
10211,36,100.0,13,1,1,2004,150
10224,43,100.0,6,1,2,2004,150
10237,32,100.0,6,2,4,2004,150
10251,46,100.0,1,2,5,2004,150
10263,48,100.0,1,2,6,2004,150
10276,43,100.0,14,3,8,2004,150
10285,49,100.0,5,3,8,2004,150
10299,24,100.0,8,3,9,2004,150
10309,26,100.0,4,4,10,2004,150
10319,30,100.0,9,4,11,2004,150
10329,24,100.0,6,4,11,2004,150
10341,55,100.0,8,4,11,2004,150
10362,22,100.0,1,1,1,2005,150
10375,49,78.92,13,1,2,2005,150
10388,44,100.0,6,1,3,2005,150
10403,66,100.0,6,2,4,2005,150
10417,21,100.0,1,2,5,2005,150
10104,34,100.0,1,1,1,2003,151
10117,43,100.0,10,2,4,2003,151
10127,46,100.0,3,2,6,2003,151
10142,33,100.0,13,3,8,2003,151
10153,42,100.0,12,3,9,2003,151
10165,34,100.0,4,4,10,2003,151
10176,47,100.0,3,4,11,2003,151
10185,33,100.0,14,4,11,2003,151
10196,24,100.0,6,4,11,2003,151
10208,26,100.0,14,1,1,2004,151
10220,30,100.0,3,1,2,2004,151
10230,43,100.0,1,1,3,2004,151
10247,25,100.0,3,2,5,2004,151
10272,27,100.0,3,3,7,2004,151
10282,27,100.0,6,3,8,2004,151
10293,24,100.0,9,3,9,2004,151
10306,34,100.0,14,4,10,2004,151
10314,46,100.0,6,4,10,2004,151
10324,27,54.33,1,4,11,2004,151
10336,33,100.0,11,4,11,2004,151
10348,47,100.0,4,4,11,2004,151
10358,49,55.34,5,4,12,2004,151
10372,40,100.0,4,1,1,2005,151
10382,37,100.0,11,1,2,2005,151
10413,47,100.0,3,2,5,2005,151
10108,45,100.0,4,1,3,2003,117
10122,37,99.82,8,2,5,2003,117
10135,48,100.0,5,3,7,2003,117
10147,31,100.0,5,3,9,2003,117
10160,46,100.0,6,4,10,2003,117
10170,47,100.0,4,4,11,2003,117
10181,28,100.0,12,4,11,2003,117
10191,40,100.0,1,4,11,2003,117
10203,20,100.0,6,4,12,2003,117
10212,39,100.0,16,1,1,2004,117
10225,25,99.82,7,1,2,2004,117
10238,29,100.0,1,2,4,2004,117
10253,22,100.0,11,2,6,2004,117
10266,22,100.0,12,3,7,2004,117
10276,47,100.0,1,3,8,2004,117
10287,45,100.0,10,3,8,2004,117
10300,29,100.0,3,4,10,2003,117
10310,24,100.0,8,4,10,2004,117
10320,35,100.0,1,4,11,2004,117
10329,46,83.63,13,4,11,2004,117
10341,44,95.93,1,4,11,2004,117
10363,34,96.73,4,1,1,2005,117
10376,35,100.0,1,1,2,2005,117
10389,25,72.38,6,1,3,2005,117
10419,10,100.0,11,2,5,2005,117
10105,29,100.0,14,1,2,2003,173
10117,39,100.0,8,2,4,2003,173
10127,42,100.0,1,2,6,2003,173
10142,46,100.0,11,3,8,2003,173
10153,49,100.0,10,3,9,2003,173
10165,27,100.0,2,4,10,2003,173
10176,50,100.0,1,4,11,2003,173
10185,43,100.0,12,4,11,2003,173
10196,38,100.0,4,4,11,2003,173
10208,20,100.0,12,1,1,2004,173
10220,27,100.0,1,1,2,2004,173
10231,49,100.0,1,1,3,2004,173
10247,27,100.0,1,2,5,2004,173
10272,39,100.0,1,3,7,2004,173
10282,24,100.0,4,3,8,2004,173
10293,45,100.0,7,3,9,2004,173
10306,20,100.0,12,4,10,2004,173
10314,36,100.0,4,4,10,2004,173
10325,24,100.0,1,4,11,2004,173
10336,49,63.38,1,4,11,2004,173
10349,26,100.0,10,4,12,2004,173
10359,49,62.09,5,4,12,2004,173
10372,34,100.0,1,1,1,2005,173
10382,34,95.35,12,1,2,2005,173
10396,33,100.0,3,1,3,2005,173
10413,22,100.0,1,2,5,2005,173
10108,39,89.38,7,1,3,2003,79
10122,32,63.84,11,2,5,2003,79
10135,24,75.01,8,3,7,2003,79
10147,21,63.84,8,3,9,2003,79
10159,24,73.42,3,4,10,2003,79
10169,36,63.84,3,4,11,2003,79
10181,20,81.4,15,4,11,2003,79
10191,30,64.64,4,4,11,2003,79
10203,44,82.99,9,4,12,2003,79
10211,28,92.57,3,1,1,2004,79
10225,37,77.41,10,1,2,2004,79
10238,20,74.21,4,2,4,2004,79
10253,25,90.17,14,2,6,2004,79
10266,35,76.61,15,3,7,2004,79
10276,38,83.79,4,3,8,2004,79
10287,41,69.43,13,3,8,2004,79
10300,22,76.61,6,4,10,2003,79
10310,49,81.4,11,4,10,2004,79
10320,38,73.42,4,4,11,2004,79
10329,33,100.0,14,4,11,2004,79
10341,36,93.56,10,4,11,2004,79
10363,34,81.62,5,1,1,2005,79
10377,24,67.83,5,1,2,2005,79
10389,36,70.26,7,1,3,2005,79
10419,34,90.17,14,2,5,2005,79
10104,41,100.0,9,1,1,2003,118
10115,46,100.0,5,2,4,2003,118
10127,24,100.0,11,2,6,2003,118
10141,21,100.0,5,3,8,2003,118
10151,24,100.0,3,3,9,2003,118
10165,48,100.0,12,4,10,2003,118
10175,26,100.0,1,4,11,2003,118
10184,37,100.0,6,4,11,2003,118
10195,49,100.0,6,4,11,2003,118
10207,34,99.54,7,4,12,2003,118
10219,48,100.0,2,1,2,2004,118
10229,36,100.0,1,1,3,2004,118
10246,46,100.0,5,2,5,2004,118
10259,46,100.0,4,2,6,2004,118
10271,31,97.17,5,3,7,2004,118
10281,41,100.0,1,3,8,2004,118
10292,21,100.0,8,3,9,2004,118
10305,38,100.0,5,4,10,2004,118
10314,45,100.0,14,4,10,2004,118
10324,26,58.38,7,4,11,2004,118
10336,38,100.0,3,4,11,2004,118
10349,48,100.0,9,4,12,2004,118
10358,42,64.16,9,4,12,2004,118
10371,49,35.71,4,1,1,2005,118
10382,32,66.58,13,1,2,2005,118
10412,54,100.0,5,2,5,2005,118
10425,33,100.0,4,2,5,2005,118
10108,36,100.0,3,1,3,2003,115
10122,20,100.0,7,2,5,2003,115
10135,29,97.89,4,3,7,2003,115
10147,33,97.89,4,3,9,2003,115
10160,50,100.0,5,4,10,2003,115
10170,41,100.0,3,4,11,2003,115
10181,36,100.0,11,4,11,2003,115
10192,27,100.0,16,4,11,2003,115
10203,47,100.0,5,4,12,2003,115
10212,33,100.0,15,1,1,2004,115
10225,21,100.0,6,1,2,2004,115
10239,21,93.28,5,2,4,2004,115
10253,41,100.0,10,2,6,2004,115
10266,40,100.0,11,3,7,2004,115
10277,28,100.0,1,3,8,2004,115
10287,23,100.0,9,3,8,2004,115
10300,23,100.0,2,4,10,2003,115
10310,25,100.0,7,4,10,2004,115
10321,24,100.0,15,4,11,2004,115
10329,39,64.74,15,4,11,2004,115
10341,55,75.2,7,4,11,2004,115
10363,46,88.45,6,1,1,2005,115
10377,50,100.0,1,1,2,2005,115
10389,47,100.0,8,1,3,2005,115
10405,97,93.28,5,2,4,2005,115
10419,32,100.0,10,2,5,2005,115
10103,35,100.0,10,1,1,2003,116
10113,49,100.0,4,1,3,2003,116
10126,38,100.0,10,2,5,2003,116
10140,32,100.0,10,3,7,2003,116
10150,34,100.0,7,3,9,2003,116
10164,36,99.17,8,4,10,2003,116
10174,48,93.34,3,4,11,2003,116
10183,21,96.84,7,4,11,2003,116
10194,21,93.34,10,4,11,2003,116
10206,34,100.0,5,4,12,2003,116
10215,46,100.0,2,1,1,2004,116
10228,32,100.0,1,1,3,2004,116
10245,29,100.0,8,2,5,2004,116
10258,41,100.0,5,2,6,2004,116
10270,43,96.84,8,3,7,2004,116
10280,24,100.0,1,3,8,2004,116
10291,41,100.0,10,3,9,2004,116
10304,46,98.0,5,4,10,2004,116
10312,32,100.0,2,4,10,2004,116
10322,22,100.0,10,4,11,2004,116
10333,29,40.25,7,4,11,2004,116
10347,42,49.6,5,4,11,2004,116
10357,39,98.0,1,4,12,2004,116
10370,27,100.0,1,1,1,2005,116
10381,48,98.0,2,1,2,2005,116
10391,29,85.1,10,1,3,2005,116
10411,27,100.0,8,2,5,2005,116
10424,54,100.0,5,2,5,2005,116
10109,26,100.0,4,1,3,2003,141
10122,34,100.0,2,2,5,2003,141
10136,25,100.0,2,3,7,2003,141
10148,23,100.0,13,3,9,2003,141
10161,28,100.0,12,4,10,2003,141
10171,35,100.0,2,4,11,2003,141
10181,44,100.0,6,4,11,2003,141
10192,22,100.0,11,4,11,2003,141
10204,42,100.0,17,4,12,2003,141
10212,29,100.0,10,1,1,2004,141
10225,32,100.0,1,1,2,2004,141
10240,41,100.0,3,2,4,2004,141
10253,26,100.0,5,2,6,2004,141
10266,21,100.0,6,3,7,2004,141
10278,34,100.0,6,3,8,2004,141
10287,41,100.0,4,3,8,2004,141
10301,37,100.0,8,4,10,2003,141
10310,37,100.0,2,4,10,2004,141
10321,41,100.0,10,4,11,2004,141
10331,46,100.0,6,4,11,2004,141
10342,40,100.0,2,4,11,2004,141
10356,43,97.6,8,4,12,2004,141
10365,30,87.06,1,1,1,2005,141
10377,35,100.0,2,1,2,2005,141
10390,36,93.77,14,1,3,2005,141
10406,61,100.0,3,2,4,2005,141
10419,38,100.0,5,2,5,2005,141
10102,39,100.0,2,1,1,2003,102
10111,33,99.66,6,1,3,2003,102
10125,32,100.0,1,2,5,2003,102
10139,31,100.0,7,3,7,2003,102
10149,50,100.0,4,3,9,2003,102
10162,48,91.44,2,4,10,2003,102
10173,43,100.0,6,4,11,2003,102
10182,25,87.33,3,4,11,2003,102
10193,28,100.0,7,4,11,2003,102
10205,36,100.0,2,4,12,2003,102
10215,27,89.38,10,1,1,2004,102
10227,25,100.0,3,1,3,2004,102
10244,40,100.0,7,2,4,2004,102
10256,34,95.55,2,2,6,2004,102
10280,50,100.0,9,3,8,2004,102
10289,38,100.0,2,3,9,2004,102
10304,37,95.55,13,4,10,2004,102
10312,43,89.38,10,4,10,2004,102
10322,43,86.3,14,4,11,2004,102
10332,46,95.13,15,4,11,2004,102
10346,42,36.11,3,4,11,2004,102
10356,50,50.18,9,4,12,2004,102
10369,44,100.0,8,1,1,2005,102
10380,27,93.16,13,1,2,2005,102
10391,35,100.0,2,1,3,2005,102
10422,51,95.55,2,2,5,2005,102
10102,41,50.14,1,1,1,2003,53
10111,48,49.06,5,1,3,2003,53
10126,42,54.99,17,2,5,2003,53
10139,49,43.13,6,3,7,2003,53
10149,30,58.22,3,3,9,2003,53
10162,45,51.21,1,4,10,2003,53
10173,48,44.21,5,4,11,2003,53
10182,32,54.45,2,4,11,2003,53
10193,46,53.37,6,4,11,2003,53
10205,48,63.61,1,4,12,2003,53
10215,33,43.13,9,1,1,2004,53
10227,31,48.52,2,1,3,2004,53
10244,20,58.22,6,2,4,2004,53
10256,29,51.75,1,2,6,2004,53
10280,27,57.68,8,3,8,2004,53
10289,24,56.07,1,3,9,2004,53
10304,37,48.52,12,4,10,2004,53
10312,25,44.21,9,4,10,2004,53
10322,41,57.68,5,4,11,2004,53
10332,27,89.89,16,4,11,2004,53
10347,21,58.95,7,4,11,2004,53
10356,22,72.41,6,4,12,2004,53
10369,32,98.63,7,1,1,2005,53
10381,25,52.83,9,1,2,2005,53
10391,42,100.0,3,1,3,2005,53
10422,25,51.75,1,2,5,2005,53
10110,37,100.0,16,1,3,2003,124
10123,26,100.0,2,2,5,2003,124
10137,44,99.55,2,3,7,2003,124
10148,47,100.0,9,3,9,2003,124
10161,43,100.0,8,4,10,2003,124
10172,42,100.0,6,4,11,2003,124
10181,42,100.0,2,4,11,2003,124
10192,29,100.0,7,4,11,2003,124
10204,40,100.0,13,4,12,2003,124
10212,38,100.0,6,1,1,2004,124
10226,38,100.0,4,1,2,2004,124
10241,21,100.0,11,2,4,2004,124
10253,24,100.0,1,2,6,2004,124
10266,36,100.0,2,3,7,2004,124
10278,23,100.0,2,3,8,2004,124
10288,20,100.0,14,3,9,2004,124
10301,32,100.0,4,4,10,2003,124
10311,29,100.0,9,4,10,2004,124
10321,44,100.0,6,4,11,2004,124
10331,44,100.0,14,4,11,2004,124
10343,36,100.0,4,4,11,2004,124
10367,49,56.3,1,1,1,2005,124
10378,34,42.64,5,1,2,2005,124
10407,59,100.0,11,2,4,2005,124
10419,37,100.0,1,2,5,2005,124
10106,36,100.0,12,1,2,2003,157
10119,43,100.0,3,2,4,2003,157
10131,21,100.0,4,2,6,2003,157
10143,32,100.0,7,3,8,2003,157
10155,38,100.0,5,4,10,2003,157
10167,43,100.0,1,4,10,2003,157
10178,42,100.0,4,4,11,2003,157
10186,32,100.0,1,4,11,2003,157
10198,42,100.0,4,4,11,2003,157
10210,31,100.0,17,1,1,2004,157
10222,49,100.0,4,1,2,2004,157
10250,45,100.0,14,2,5,2004,157
10262,49,100.0,9,2,6,2004,157
10274,41,100.0,1,3,7,2004,157
10284,45,100.0,11,3,8,2004,157
10296,36,100.0,7,3,9,2004,157
10307,39,100.0,1,4,10,2004,157
10316,27,100.0,9,4,11,2004,157
10327,25,100.0,6,4,11,2004,157
10338,41,100.0,1,4,11,2004,157
10351,39,99.52,1,4,12,2004,157
10373,28,57.55,4,1,1,2005,157
10386,25,54.57,7,1,3,2005,157
10398,33,100.0,11,1,3,2005,157
10400,34,100.0,1,2,4,2005,157
10416,24,100.0,14,2,5,2005,157
10100,30,100.0,3,1,1,2003,170
10110,42,100.0,7,1,3,2003,170
10124,21,100.0,6,2,5,2003,170
10149,34,100.0,11,3,9,2003,170
10162,29,100.0,9,4,10,2003,170
10173,24,100.0,13,4,11,2003,170
10182,44,100.0,10,4,11,2003,170
10193,21,100.0,14,4,11,2003,170
10204,33,100.0,4,4,12,2003,170
10214,30,100.0,7,1,1,2004,170
10227,26,100.0,10,1,3,2004,170
10241,41,100.0,2,2,4,2004,170
10280,26,100.0,16,3,8,2004,170
10288,32,100.0,5,3,9,2004,170
10302,43,100.0,1,4,10,2003,170
10312,48,100.0,17,4,10,2004,170
10331,44,74.04,7,4,11,2004,170
10344,45,100.0,1,4,11,2004,170
10367,37,100.0,3,1,1,2005,170
10379,39,100.0,2,1,2,2005,170
10407,76,100.0,2,2,4,2005,170
10420,37,100.0,5,2,5,2005,170
10108,38,82.39,2,1,3,2003,77
10122,43,72.38,6,2,5,2003,77
10135,48,79.31,3,3,7,2003,77
10147,26,82.39,3,3,9,2003,77
10160,38,88.55,4,4,10,2003,77
10170,20,63.14,2,4,11,2003,77
10181,22,73.92,10,4,11,2003,77
10192,45,90.86,15,4,11,2003,77
10203,45,85.47,4,4,12,2003,77
10212,20,66.99,14,1,1,2004,77
10225,47,64.68,5,1,2,2004,77
10239,46,73.92,4,2,4,2004,77
10253,23,83.93,9,2,6,2004,77
10266,33,74.69,10,3,7,2004,77
10278,29,90.86,10,3,8,2004,77
10287,44,82.39,8,3,8,2004,77
10300,41,92.4,1,4,10,2003,77
10310,20,91.63,6,4,10,2004,77
10321,37,78.54,14,4,11,2004,77
10329,29,100.0,9,4,11,2004,77
10342,55,65.45,1,4,11,2004,77
10363,22,100.0,7,1,1,2005,77
10377,31,67.76,4,1,2,2005,77
10389,49,79.22,3,1,3,2005,77
10405,61,73.92,4,2,4,2005,77
10419,39,83.93,9,2,5,2005,77
10109,38,100.0,3,1,3,2003,142
10122,31,100.0,1,2,5,2003,142
10136,36,100.0,1,3,7,2003,142
10148,25,100.0,12,3,9,2003,142
10161,48,100.0,11,4,10,2003,142
10171,35,100.0,1,4,11,2003,142
10181,21,100.0,5,4,11,2003,142
10192,47,100.0,10,4,11,2003,142
10204,38,100.0,16,4,12,2003,142
10212,41,100.0,9,1,1,2004,142
10226,24,100.0,7,1,2,2004,142
10240,37,100.0,2,2,4,2004,142
10253,33,100.0,4,2,6,2004,142
10266,49,100.0,5,3,7,2004,142
10278,29,100.0,5,3,8,2004,142
10287,24,100.0,3,3,8,2004,142
10301,47,100.0,7,4,10,2003,142
10310,24,100.0,1,4,10,2004,142
10321,25,100.0,9,4,11,2004,142
10331,30,32.47,8,4,11,2004,142
10342,22,100.0,3,4,11,2004,142
10356,27,64.69,2,4,12,2004,142
10366,34,100.0,3,1,1,2005,142
10377,36,100.0,6,1,2,2005,142
10390,34,43.05,15,1,3,2005,142
10406,48,100.0,2,2,4,2005,142
10419,34,100.0,4,2,5,2005,142
10104,24,100.0,8,1,1,2003,163
10115,46,100.0,4,2,4,2003,163
10127,45,100.0,10,2,6,2003,163
10141,39,100.0,4,3,8,2003,163
10151,43,100.0,2,3,9,2003,163
10165,29,100.0,11,4,10,2003,163
10176,20,100.0,10,4,11,2003,163
10184,46,100.0,5,4,11,2003,163
10195,27,100.0,5,4,11,2003,163
10207,44,100.0,6,4,12,2003,163
10219,43,100.0,1,1,2,2004,163
10230,49,100.0,8,1,3,2004,163
10246,40,100.0,4,2,5,2004,163
10259,30,100.0,3,2,6,2004,163
10271,50,100.0,4,3,7,2004,163
10282,23,100.0,13,3,8,2004,163
10292,26,100.0,7,3,9,2004,163
10305,27,100.0,4,4,10,2004,163
10314,42,100.0,13,4,10,2004,163
10324,47,100.0,8,4,11,2004,163
10336,49,100.0,6,4,11,2004,163
10349,38,100.0,8,4,12,2004,163
10358,20,100.0,10,4,12,2004,163
10371,25,100.0,7,1,1,2005,163
10382,25,88.0,5,1,2,2005,163
10412,41,100.0,4,2,5,2005,163
10425,28,100.0,3,2,5,2005,163
10100,50,67.8,2,1,1,2003,60
10110,32,50.25,6,1,3,2003,60
10124,42,53.88,5,2,5,2003,60
10149,24,62.36,10,3,9,2003,60
10162,27,69.62,8,4,10,2003,60
10173,26,57.51,12,4,11,2003,60
10182,38,61.15,9,4,11,2003,60
10193,42,59.33,13,4,11,2003,60
10204,23,71.44,3,4,12,2003,60
10214,21,62.96,6,1,1,2004,60
10227,28,50.85,9,1,3,2004,60
10241,33,72.65,1,2,4,2004,60
10280,25,62.96,15,3,8,2004,60
10288,28,61.75,4,3,9,2004,60
10303,46,49.04,2,4,10,2004,60
10312,30,61.15,16,4,10,2004,60
10332,38,84.25,9,4,11,2004,60
10344,40,56.91,2,4,11,2004,60
10367,45,100.0,4,1,1,2005,60
10379,27,49.3,1,1,2,2005,60
10407,42,72.65,1,2,4,2005,60
10420,36,63.57,4,2,5,2005,60
10104,29,100.0,12,1,1,2003,122
10114,39,100.0,3,2,4,2003,122
10127,45,100.0,14,2,6,2003,122
10141,47,100.0,8,3,8,2003,122
10151,49,100.0,6,3,9,2003,122
10165,46,100.0,15,4,10,2003,122
10175,48,100.0,4,4,11,2003,122
10184,46,100.0,9,4,11,2003,122
10195,35,100.0,9,4,11,2003,122
10207,43,100.0,10,4,12,2003,122
10229,26,100.0,4,1,3,2004,122
10246,22,98.18,8,2,5,2004,122
10259,34,99.41,7,2,6,2004,122
10271,50,100.0,8,3,7,2004,122
10281,48,100.0,4,3,8,2004,122
10292,41,100.0,11,3,9,2004,122
10305,36,100.0,8,4,10,2004,122
10313,29,100.0,2,4,10,2004,122
10324,33,37.48,10,4,11,2004,122
10334,46,100.0,6,4,11,2004,122
10349,38,100.0,7,4,12,2004,122
10358,20,36.42,11,4,12,2004,122
10370,22,100.0,5,1,1,2005,122
10383,27,100.0,11,1,2,2005,122
10412,56,98.18,8,2,5,2005,122
10425,38,99.41,7,2,5,2005,122
10101,25,100.0,4,1,1,2003,127
10110,33,100.0,4,1,3,2003,127
10124,42,100.0,3,2,5,2003,127
10149,33,100.0,8,3,9,2003,127
10162,38,100.0,6,4,10,2003,127
10173,31,100.0,10,4,11,2003,127
10182,20,100.0,7,4,11,2003,127
10193,44,100.0,11,4,11,2003,127
10204,26,100.0,1,4,12,2003,127
10214,27,100.0,4,1,1,2004,127
10227,46,100.0,7,1,3,2004,127
10243,47,100.0,2,2,4,2004,127
10280,37,100.0,13,3,8,2004,127
10288,31,100.0,2,3,9,2004,127
10304,24,100.0,17,4,10,2004,127
10312,31,100.0,14,4,10,2004,127
10322,50,100.0,6,4,11,2004,127
10332,35,64.69,8,4,11,2004,127
10344,30,100.0,3,4,11,2004,127
10356,29,100.0,3,4,12,2004,127
10367,27,100.0,5,1,1,2005,127
10380,40,100.0,10,1,2,2005,127
10390,31,98.99,16,1,3,2005,127
10409,6,100.0,2,2,4,2005,127
10420,45,100.0,2,2,5,2005,127
10103,22,54.09,2,1,1,2003,60
10114,45,68.67,6,2,4,2003,60
10126,43,65.02,2,2,5,2003,60
10140,46,61.99,2,3,7,2003,60
10151,39,69.28,9,3,9,2003,60
10165,31,71.1,18,4,10,2003,60
10175,41,69.28,7,4,11,2003,60
10184,44,60.16,12,4,11,2003,60
10194,45,70.49,2,4,11,2003,60
10207,37,69.89,13,4,12,2003,60
10217,35,61.38,2,1,2,2004,60
10229,28,59.55,7,1,3,2004,60
10246,30,61.99,11,2,5,2004,60
10259,30,49.22,10,2,6,2004,60
10271,25,69.28,11,3,7,2004,60
10281,29,57.73,7,3,8,2004,60
10291,26,57.73,2,3,9,2004,60
10305,41,53.48,11,4,10,2004,60
10313,34,52.87,5,4,10,2004,60
10322,35,61.21,11,4,11,2004,60
10334,34,61.38,1,4,11,2004,60
10347,50,100.0,8,4,11,2004,60
10357,41,61.99,7,4,12,2004,60
10370,22,96.86,7,1,1,2005,60
10381,35,48.62,7,1,2,2005,60
10391,44,38.5,5,1,3,2005,60
10412,47,61.99,11,2,5,2005,60
10425,19,49.22,10,2,5,2005,60
10106,34,90.39,2,1,2,2003,84
10120,29,71.81,8,2,4,2003,84
10133,49,69.27,3,2,6,2003,84
10145,30,85.32,14,3,8,2003,84
10168,21,70.96,9,4,10,2003,84
10210,50,76.88,7,1,1,2004,84
10223,47,100.0,9,1,2,2004,84
10235,24,76.03,3,2,4,2004,84
10250,27,98.84,4,2,5,2004,84
10263,33,86.17,10,2,6,2004,84
10275,35,90.39,9,3,7,2004,84
10284,31,71.81,1,3,8,2004,84
10297,25,82.79,4,3,9,2004,84
10308,27,82.79,7,4,10,2004,84
10318,31,100.0,9,4,11,2004,84
10327,45,100.0,8,4,11,2004,84
10339,27,100.0,2,4,11,2004,84
10353,27,100.0,1,4,12,2004,84
10374,42,69.27,2,1,2,2005,84
10386,21,74.77,18,1,3,2005,84
10398,34,76.88,15,1,3,2005,84
10401,42,76.03,3,2,4,2005,84
10416,15,98.84,4,2,5,2005,84
10107,29,70.87,6,1,2,2003,60
10120,46,58.15,4,2,4,2003,60
10134,30,61.78,6,3,7,2003,60
10145,30,49.67,10,3,8,2003,60
10159,42,51.48,18,4,10,2003,60
10168,46,61.18,5,4,10,2003,60
10180,25,64.2,13,4,11,2003,60
10188,32,65.42,5,4,11,2003,60
10201,30,64.81,6,4,12,2003,60
10210,40,49.67,3,1,1,2004,60
10223,28,60.57,5,1,2,2004,60
10236,23,55.72,2,2,4,2004,60
10251,29,61.18,6,2,5,2004,60
10263,34,58.75,6,2,6,2004,60
10275,37,63.6,5,3,7,2004,60
10285,20,49.06,10,3,8,2004,60
10298,32,48.46,2,3,9,2004,60
10308,34,52.09,3,4,10,2004,60
10318,42,52.7,5,4,11,2004,60
10329,38,100.0,12,4,11,2004,60
10339,30,62.16,1,4,11,2004,60
10362,23,49.67,3,1,1,2005,60
10374,22,53.3,4,1,2,2005,60
10389,39,100.0,5,1,3,2005,60
10402,55,55.72,2,2,4,2005,60
10417,36,61.18,6,2,5,2005,60
10101,26,100.0,1,1,1,2003,168
10110,31,100.0,1,1,3,2003,168
10125,34,100.0,2,2,5,2003,168
10139,41,100.0,8,3,7,2003,168
10149,23,100.0,5,3,9,2003,168
10162,48,100.0,3,4,10,2003,168
10173,22,100.0,7,4,11,2003,168
10182,21,100.0,4,4,11,2003,168
10193,22,100.0,8,4,11,2003,168
10205,40,100.0,3,4,12,2003,168
10214,50,100.0,1,1,1,2004,168
10227,29,100.0,4,1,3,2004,168
10244,43,100.0,8,2,4,2004,168
10255,24,100.0,1,2,6,2004,168
10280,22,100.0,10,3,8,2004,168
10289,43,100.0,3,3,9,2004,168
10304,20,100.0,14,4,10,2004,168
10312,25,100.0,11,4,10,2004,168
10322,36,100.0,2,4,11,2004,168
10332,24,52.67,1,4,11,2004,168
10347,21,100.0,6,4,11,2004,168
10356,30,100.0,1,4,12,2004,168
10367,32,94.79,7,1,1,2005,168
10380,21,47.18,8,1,2,2005,168
10390,26,78.11,7,1,3,2005,168
10421,35,100.0,1,2,5,2005,168
10109,26,100.0,1,1,3,2003,132
10123,46,100.0,3,2,5,2003,132
10137,37,100.0,3,3,7,2003,132
10148,27,100.0,10,3,9,2003,132
10161,23,100.0,9,4,10,2003,132
10172,39,100.0,7,4,11,2003,132
10181,27,100.0,3,4,11,2003,132
10192,38,100.0,8,4,11,2003,132
10204,27,100.0,14,4,12,2003,132
10212,40,100.0,7,1,1,2004,132
10226,24,100.0,5,1,2,2004,132
10241,44,100.0,12,2,4,2004,132
10253,37,100.0,2,2,6,2004,132
10266,20,100.0,3,3,7,2004,132
10278,39,100.0,3,3,8,2004,132
10287,44,100.0,1,3,8,2004,132
10301,22,100.0,5,4,10,2003,132
10311,43,100.0,10,4,10,2004,132
10321,27,100.0,7,4,11,2004,132
10331,26,64.9,10,4,11,2004,132
10343,25,52.32,3,4,11,2004,132
10366,49,100.0,2,1,1,2005,132
10379,29,100.0,5,1,2,2005,132
10407,41,100.0,12,2,4,2005,132
10419,55,100.0,2,2,5,2005,132
10103,27,83.07,12,1,1,2003,101
10112,23,100.0,2,1,3,2003,101
10126,31,90.17,12,2,5,2003,101
10139,46,100.0,1,3,7,2003,101
10150,47,91.18,9,3,9,2003,101
10163,31,100.0,2,4,10,2003,101
10174,46,100.0,5,4,11,2003,101
10183,37,89.15,9,4,11,2003,101
10193,28,93.21,1,4,11,2003,101
10206,37,90.17,7,4,12,2003,101
10215,49,100.0,4,1,1,2004,101
10228,24,100.0,3,1,3,2004,101
10244,30,100.0,1,2,4,2004,101
10257,50,88.14,1,2,6,2004,101
10270,31,96.24,10,3,7,2004,101
10280,46,100.0,3,3,8,2004,101
10291,47,100.0,12,3,9,2004,101
10304,46,100.0,7,4,10,2004,101
10312,37,100.0,4,4,10,2004,101
10322,33,100.0,12,4,11,2004,101
10333,31,90.17,5,4,11,2004,101
10347,48,100.0,9,4,11,2004,101
10357,41,87.13,6,4,12,2004,101
10369,42,100.0,1,1,1,2005,101
10381,41,100.0,8,1,2,2005,101
10391,32,45.25,6,1,3,2005,101
10423,10,88.14,1,2,5,2005,101
10103,35,57.46,14,1,1,2003,62
10111,28,64.33,2,1,3,2003,62
10126,46,73.7,14,2,5,2003,62
10139,20,71.2,3,3,7,2003,62
10150,30,49.97,11,3,9,2003,62
10163,48,69.96,4,4,10,2003,62
10173,28,53.72,2,4,11,2003,62
10183,39,68.08,11,4,11,2003,62
10193,24,51.84,3,4,11,2003,62
10206,28,67.46,9,4,12,2003,62
10215,31,58.71,6,1,1,2004,62
10228,45,63.71,5,1,3,2004,62
10244,24,58.09,3,2,4,2004,62
10257,49,53.72,3,2,6,2004,62
10269,32,63.08,1,3,7,2004,62
10280,43,68.71,5,3,8,2004,62
10291,37,50.59,14,3,9,2004,62
10304,24,64.96,9,4,10,2004,62
10312,35,53.72,6,4,10,2004,62
10322,41,29.87,13,4,11,2004,62
10332,26,100.0,17,4,11,2004,62
10347,34,64.96,10,4,11,2004,62
10357,49,70.58,5,4,12,2004,62
10369,28,44.21,6,1,1,2005,62
10381,40,68.08,4,1,2,2005,62
10392,37,59.96,3,1,3,2005,62
10423,31,53.72,3,2,5,2005,62
10106,41,83.44,18,1,2,2003,86
10119,21,89.46,9,2,4,2003,86
10130,40,96.34,2,2,6,2003,86
10143,46,74.84,13,3,8,2003,86
10155,44,79.14,11,4,10,2003,86
10167,46,73.12,7,4,10,2003,86
10178,41,81.72,10,4,11,2003,86
10186,32,89.46,7,4,11,2003,86
10197,46,87.74,4,4,11,2003,86
10209,28,100.0,6,1,1,2004,86
10222,49,94.62,10,1,2,2004,86
10248,21,73.98,1,2,5,2004,86
10262,32,84.3,15,2,6,2004,86
10273,34,98.06,2,3,7,2004,86
10283,21,98.06,4,3,8,2004,86
10296,21,96.34,13,3,9,2004,86
10307,31,83.44,7,4,10,2004,86
10316,21,94.62,15,4,11,2004,86
10327,25,45.86,5,4,11,2004,86
10338,28,82.58,3,4,11,2004,86
10350,43,64.97,6,4,12,2004,86
10373,22,86.74,5,1,1,2005,86
10386,37,93.01,5,1,3,2005,86
10398,28,72.26,18,1,3,2005,86
10400,30,74.84,7,2,4,2005,86
10414,44,73.98,1,2,5,2005,86
10103,25,100.0,13,1,1,2003,104
10111,43,100.0,1,1,3,2003,104
10126,30,97.39,13,2,5,2003,104
10139,20,90.06,2,3,7,2003,104
10150,26,100.0,10,3,9,2003,104
10163,40,100.0,3,4,10,2003,104
10173,31,89.01,1,4,11,2003,104
10183,22,100.0,10,4,11,2003,104
10193,23,100.0,2,4,11,2003,104
10206,30,100.0,8,4,12,2003,104
10215,49,100.0,5,1,1,2004,104
10228,31,100.0,4,1,3,2004,104
10244,29,100.0,2,2,4,2004,104
10257,37,84.82,2,2,6,2004,104
10270,38,100.0,11,3,7,2004,104
10280,29,100.0,4,3,8,2004,104
10291,23,100.0,13,3,9,2004,104
10304,26,85.87,8,4,10,2004,104
10312,38,100.0,5,4,10,2004,104
10322,48,47.04,7,4,11,2004,104
10332,40,39.8,18,4,11,2004,104
10347,45,100.0,11,4,11,2004,104
10357,44,100.0,4,4,12,2004,104
10369,21,94.22,5,1,1,2005,104
10381,35,100.0,5,1,2,2005,104
10392,29,86.92,2,1,3,2005,104
10423,21,84.82,2,2,5,2005,104
10105,22,100.0,11,1,2,2003,136
10117,26,100.0,5,2,4,2003,136
10128,41,100.0,2,2,6,2003,136
10142,47,100.0,8,3,8,2003,136
10153,31,100.0,7,3,9,2003,136
10166,43,100.0,2,4,10,2003,136
10177,23,100.0,9,4,11,2003,136
10185,28,100.0,9,4,11,2003,136
10196,49,100.0,1,4,11,2003,136
10208,24,100.0,9,1,1,2004,136
10221,33,100.0,3,1,2,2004,136
10232,22,100.0,6,1,3,2004,136
10248,32,100.0,12,2,5,2004,136
10273,40,100.0,13,3,7,2004,136
10282,43,100.0,1,3,8,2004,136
10293,24,100.0,4,3,9,2004,136
10306,32,100.0,9,4,10,2004,136
10314,20,100.0,1,4,10,2004,136
10325,24,69.12,9,4,11,2004,136
10336,48,100.0,12,4,11,2004,136
10350,44,100.0,1,4,12,2004,136
10372,28,100.0,3,1,1,2005,136
10383,24,61.52,9,1,2,2005,136
10396,33,100.0,2,1,3,2005,136
10414,41,100.0,12,2,5,2005,136
10104,23,100.0,13,1,1,2003,169
10109,46,100.0,5,1,3,2003,169
10114,48,100.0,4,2,4,2003,169
10122,25,100.0,3,2,5,2003,169
10127,22,100.0,15,2,6,2003,169
10136,41,100.0,3,3,7,2003,169
10141,34,100.0,9,3,8,2003,169
10148,32,100.0,14,3,9,2003,169
10151,21,100.0,7,3,9,2003,169
10160,20,100.0,1,4,10,2003,169
10165,47,100.0,16,4,10,2003,169
10171,39,100.0,3,4,11,2003,169
10175,29,100.0,5,4,11,2003,169
10181,45,100.0,7,4,11,2003,169
10184,28,100.0,10,4,11,2003,169
10192,26,100.0,12,4,11,2003,169
10195,50,100.0,10,4,11,2003,169
10203,48,100.0,1,4,12,2003,169
10207,25,100.0,11,4,12,2003,169
10212,40,100.0,11,1,1,2004,169
10225,43,100.0,2,1,2,2004,169
10229,22,100.0,5,1,3,2004,169
10239,47,100.0,1,2,4,2004,169
10246,36,100.0,9,2,5,2004,169
10253,40,100.0,6,2,6,2004,169
10259,27,100.0,8,2,6,2004,169
10266,29,100.0,7,3,7,2004,169
10271,20,100.0,9,3,7,2004,169
10278,42,100.0,7,3,8,2004,169
10281,25,100.0,5,3,8,2004,169
10287,36,100.0,5,3,8,2004,169
10292,21,100.0,12,3,9,2004,169
10301,23,100.0,9,4,10,2003,169
10305,37,100.0,9,4,10,2004,169
10310,48,100.0,3,4,10,2004,169
10313,25,100.0,3,4,10,2004,169
10321,33,100.0,11,4,11,2004,169
10324,27,100.0,12,4,11,2004,169
10331,27,100.0,11,4,11,2004,169
10334,20,100.0,3,4,11,2004,169
10342,30,100.0,4,4,11,2004,169
10349,48,100.0,6,4,12,2004,169
10358,32,93.49,12,4,12,2004,169
10366,34,100.0,1,1,1,2005,169
10370,27,56.85,9,1,1,2005,169
10377,39,100.0,3,1,2,2005,169
10383,47,100.0,6,1,2,2005,169
10394,22,100.0,5,1,3,2005,169
10405,55,100.0,1,2,4,2005,169
10412,60,100.0,9,2,5,2005,169
10419,35,100.0,6,2,5,2005,169
10425,28,100.0,8,2,5,2005,169
10105,38,100.0,13,1,2,2003,100
10117,21,95.8,7,2,4,2003,100
10128,41,100.0,4,2,6,2003,100
10142,22,97.81,10,3,8,2003,100
10153,29,88.74,9,3,9,2003,100
10165,50,100.0,1,4,10,2003,100
10177,29,100.0,11,4,11,2003,100
10185,49,80.67,11,4,11,2003,100
10196,35,100.0,3,4,11,2003,100
10208,48,100.0,11,1,1,2004,100
10221,23,80.67,5,1,2,2004,100
10232,48,95.8,8,1,3,2004,100
10248,42,100.0,14,2,5,2004,100
10273,47,100.0,15,3,7,2004,100
10282,36,100.0,3,3,8,2004,100
10293,22,100.0,6,3,9,2004,100
10306,40,91.76,11,4,10,2004,100
10314,23,100.0,3,4,10,2004,100
10326,32,100.0,6,4,11,2004,100
10336,21,100.0,7,4,11,2004,100
10350,41,93.04,2,4,12,2004,100
10372,25,84.71,5,1,1,2005,100
10383,26,100.0,12,1,2,2005,100
10396,24,89.75,4,1,3,2005,100
10414,48,100.0,14,2,5,2005,100
10108,26,68.35,9,1,3,2003,80
10122,21,73.17,13,2,5,2003,80
10135,45,78.0,10,3,7,2003,80
10147,36,86.04,10,3,9,2003,80
10159,21,81.21,5,4,10,2003,80
10169,32,70.76,5,4,11,2003,80
10181,30,82.82,17,4,11,2003,80
10191,36,94.88,6,4,11,2003,80
10203,33,86.04,11,4,12,2003,80
10211,35,78.0,5,1,1,2004,80
10225,37,95.69,12,1,2,2004,80
10238,41,73.17,6,2,4,2004,80
10252,20,76.39,2,2,5,2004,80
10265,45,86.84,2,3,7,2004,80
10276,38,69.96,6,3,8,2004,80
10287,43,70.76,15,3,8,2004,80
10300,49,78.8,8,4,10,2003,80
10310,27,80.41,13,4,10,2004,80
10319,46,73.98,1,4,11,2004,80
10329,38,59.1,10,4,11,2004,80
10342,25,66.74,5,4,11,2004,80
10363,46,60.3,10,1,1,2005,80
10378,22,100.0,4,1,2,2005,80
10390,40,100.0,9,1,3,2005,80
10103,46,100.0,16,1,1,2003,99
10111,39,100.0,4,1,3,2003,99
10126,38,82.34,16,2,5,2003,99
10139,30,100.0,5,3,7,2003,99
10149,42,94.25,2,3,9,2003,99
10163,43,100.0,6,4,10,2003,99
10173,29,95.24,4,4,11,2003,99
10182,33,86.31,1,4,11,2003,99
10193,32,79.37,5,4,11,2003,99
10206,28,87.3,11,4,12,2003,99
10215,41,100.0,8,1,1,2004,99
10227,33,100.0,1,1,3,2004,99
10244,36,84.33,5,2,4,2004,99
10257,26,89.29,5,2,6,2004,99
10280,34,100.0,7,3,8,2004,99
10290,26,96.23,2,3,9,2004,99
10304,38,100.0,11,4,10,2004,99
10312,33,100.0,8,4,10,2004,99
10323,33,91.27,2,4,11,2004,99
10333,46,100.0,2,4,11,2004,99
10347,26,100.0,12,4,11,2004,99
10357,25,100.0,3,4,12,2004,99
10369,45,73.08,4,1,1,2005,99
10382,50,100.0,7,1,2,2005,99
10392,36,100.0,1,1,3,2005,99
10423,21,89.29,5,2,5,2005,99
10108,29,100.0,8,1,3,2003,146
10122,21,100.0,12,2,5,2003,146
10135,42,100.0,9,3,7,2003,146
10147,37,100.0,9,3,9,2003,146
10159,25,100.0,4,4,10,2003,146
10169,36,100.0,4,4,11,2003,146
10181,22,100.0,16,4,11,2003,146
10191,23,100.0,5,4,11,2003,146
10203,32,100.0,10,4,12,2003,146
10211,28,100.0,4,1,1,2004,146
10225,27,100.0,11,1,2,2004,146
10238,49,100.0,5,2,4,2004,146
10252,41,100.0,1,2,5,2004,146
10265,49,100.0,1,3,7,2004,146
10276,30,100.0,5,3,8,2004,146
10287,40,100.0,14,3,8,2004,146
10300,23,100.0,7,4,10,2003,146
10310,49,100.0,12,4,10,2004,146
10320,25,100.0,5,4,11,2004,146
10330,37,100.0,3,4,11,2004,146
10342,55,100.0,7,4,11,2004,146
10355,23,100.0,7,4,12,2004,146
10363,24,100.0,11,1,1,2005,146
10378,43,96.49,10,1,2,2005,146
10390,50,100.0,1,1,3,2005,146
10109,47,100.0,2,1,3,2003,141
10123,34,100.0,4,2,5,2003,141
10137,31,100.0,4,3,7,2003,141
10148,28,100.0,11,3,9,2003,141
10161,36,100.0,10,4,10,2003,141
10172,48,100.0,8,4,11,2003,141
10181,39,100.0,4,4,11,2003,141
10192,45,100.0,9,4,11,2003,141
10204,35,100.0,15,4,12,2003,141
10212,45,100.0,8,1,1,2004,141
10226,46,100.0,6,1,2,2004,141
10240,37,100.0,1,2,4,2004,141
10253,31,100.0,3,2,6,2004,141
10266,33,100.0,4,3,7,2004,141
10278,31,100.0,4,3,8,2004,141
10287,27,100.0,2,3,8,2004,141
10301,39,100.0,6,4,10,2003,141
10311,32,100.0,11,4,10,2004,141
10321,28,100.0,8,4,11,2004,141
10331,26,67.91,12,4,11,2004,141
10343,44,84.88,2,4,11,2004,141
10367,46,100.0,6,1,1,2005,141
10379,32,70.83,4,1,2,2005,141
10406,65,100.0,1,2,4,2005,141
10419,43,100.0,3,2,5,2005,141
10108,43,67.77,12,1,3,2003,62
10122,35,49.74,16,2,5,2003,62
10135,45,50.36,13,3,7,2003,62
10146,47,67.14,2,3,9,2003,62
10159,21,64.66,8,4,10,2003,62
10169,38,68.39,8,4,11,2003,62
10180,21,50.36,3,4,11,2003,62
10191,43,72.74,9,4,11,2003,62
10211,46,54.09,8,1,1,2004,62
10224,38,58.44,1,1,2,2004,62
10237,26,52.22,1,2,4,2004,62
10252,31,52.84,5,2,5,2004,62
10264,48,54.71,3,2,6,2004,62
10276,33,50.36,9,3,8,2004,62
10286,38,57.2,1,3,8,2004,62
10299,39,55.95,3,3,9,2004,62
10310,42,67.14,16,4,10,2004,62
10319,44,59.06,4,4,11,2004,62
10330,29,69.63,2,4,11,2004,62
10342,26,55.95,8,4,11,2004,62
10355,31,53.47,1,4,12,2004,62
10363,32,89.12,12,1,1,2005,62
10378,28,100.0,9,1,2,2005,62
10390,36,100.0,2,1,3,2005,62
10403,36,52.22,1,2,4,2005,62
10106,41,100.0,17,1,2,2003,105
10119,27,99.52,8,2,4,2003,105
10130,33,100.0,1,2,6,2003,105
10143,34,100.0,12,3,8,2003,105
10155,29,100.0,10,4,10,2003,105
10167,34,100.0,6,4,10,2003,105
10178,48,100.0,9,4,11,2003,105
10186,46,100.0,6,4,11,2003,105
10197,22,100.0,3,4,11,2003,105
10209,20,100.0,5,1,1,2004,105
10222,45,85.75,9,1,2,2004,105
10249,46,100.0,5,2,5,2004,105
10262,34,100.0,14,2,6,2004,105
10273,50,85.75,1,3,7,2004,105
10283,46,100.0,3,3,8,2004,105
10296,22,84.7,12,3,9,2004,105
10307,48,86.81,6,4,10,2004,105
10316,47,86.81,14,4,11,2004,105
10328,34,100.0,6,4,11,2004,105
10338,45,100.0,2,4,11,2004,105
10351,20,100.0,2,4,12,2004,105
10373,50,60.49,6,1,1,2005,105
10386,22,57.55,6,1,3,2005,105
10398,45,100.0,17,1,3,2005,105
10400,58,100.0,6,2,4,2005,105
10415,51,100.0,5,2,5,2005,105
10104,38,100.0,3,1,1,2003,143
10117,22,100.0,12,2,4,2003,143
10127,25,100.0,5,2,6,2003,143
10142,24,100.0,15,3,8,2003,143
10152,35,100.0,1,3,9,2003,143
10165,28,100.0,6,4,10,2003,143
10176,36,100.0,5,4,11,2003,143
10185,39,100.0,16,4,11,2003,143
10196,27,100.0,8,4,11,2003,143
10207,40,100.0,1,4,12,2003,143
10220,50,100.0,5,1,2,2004,143
10230,42,100.0,3,1,3,2004,143
10247,48,100.0,5,2,5,2004,143
10272,25,100.0,5,3,7,2004,143
10282,31,100.0,8,3,8,2004,143
10292,44,100.0,2,3,9,2004,143
10306,23,100.0,16,4,10,2004,143
10314,29,100.0,8,4,10,2004,143
10324,49,100.0,13,4,11,2004,143
10337,36,100.0,3,4,11,2004,143
10349,34,100.0,5,4,12,2004,143
10358,25,100.0,13,4,12,2004,143
10372,48,100.0,6,1,1,2005,143
10383,38,100.0,1,1,2,2005,143
10394,37,100.0,1,1,3,2005,143
10413,49,100.0,5,2,5,2005,143
10100,22,86.51,4,1,1,2003,92
10110,28,89.27,8,1,3,2003,92
10124,36,85.59,7,2,5,2003,92
10148,34,100.0,1,3,9,2003,92
10162,39,100.0,10,4,10,2003,92
10173,21,75.46,14,4,11,2003,92
10182,36,100.0,11,4,11,2003,92
10193,24,97.55,15,4,11,2003,92
10204,29,85.59,5,4,12,2003,92
10213,38,94.79,1,1,1,2004,92
10227,34,100.0,11,1,3,2004,92
10241,42,90.19,3,2,4,2004,92
10280,35,100.0,17,3,8,2004,92
10288,35,80.99,6,3,9,2004,92
10302,38,89.27,2,4,10,2003,92
10311,41,81.91,1,4,10,2004,92
10332,50,100.0,2,4,11,2004,92
10344,21,100.0,4,4,11,2004,92
10367,43,62.72,8,1,1,2005,92
10380,32,100.0,1,1,2,2005,92
10407,6,90.19,3,2,4,2005,92
10420,66,92.95,6,2,5,2005,92
10105,41,82.5,10,1,2,2003,87
10117,23,97.42,4,2,4,2003,87
10128,43,92.16,1,2,6,2003,87
10142,24,70.22,7,3,8,2003,87
10153,22,83.38,6,3,9,2003,87
10166,26,73.73,1,4,10,2003,87
10177,35,74.6,8,4,11,2003,87
10185,47,77.24,8,4,11,2003,87
10197,50,100.0,14,4,11,2003,87
10208,45,87.77,8,1,1,2004,87
10221,39,89.53,2,1,2,2004,87
10232,23,89.53,5,1,3,2004,87
10248,42,75.48,11,2,5,2004,87
10261,20,89.53,9,2,6,2004,87
10273,33,71.09,12,3,7,2004,87
10283,34,100.0,14,3,8,2004,87
10293,49,100.0,3,3,9,2004,87
10306,39,90.4,8,4,10,2004,87
10315,36,100.0,7,4,10,2004,87
10326,50,86.01,5,4,11,2004,87
10337,29,100.0,2,4,11,2004,87
10350,30,100.0,3,4,12,2004,87
10372,41,86.89,7,1,1,2005,87
10383,28,58.58,7,1,2,2005,87
10396,45,100.0,5,1,3,2005,87
10414,16,75.48,11,2,5,2005,87
10103,36,100.0,5,1,1,2003,121
10114,41,100.0,9,2,4,2003,121
10126,50,100.0,5,2,5,2003,121
10140,40,100.0,5,3,7,2003,121
10150,49,100.0,2,3,9,2003,121
10164,45,100.0,3,4,10,2003,121
10175,47,100.0,10,4,11,2003,121
10183,21,100.0,2,4,11,2003,121
10194,32,100.0,5,4,11,2003,121
10207,47,100.0,16,4,12,2003,121
10217,38,100.0,5,1,2,2004,121
10229,41,100.0,10,1,3,2004,121
10245,21,100.0,3,2,5,2004,121
10259,41,100.0,13,2,6,2004,121
10270,38,100.0,3,3,7,2004,121
10281,25,99.29,10,3,8,2004,121
10291,48,100.0,5,3,9,2004,121
10305,22,99.29,14,4,10,2004,121
10313,28,100.0,8,4,10,2004,121
10323,47,100.0,1,4,11,2004,121
10334,49,100.0,4,4,11,2004,121
10347,45,100.0,4,4,11,2004,121
10357,28,100.0,2,4,12,2004,121
10370,29,57.53,6,1,1,2005,121
10382,39,100.0,1,1,2,2005,121
10411,46,100.0,3,2,5,2005,121
10425,38,100.0,13,2,5,2005,121
10103,41,47.29,9,1,1,2003,50
10113,50,49.81,3,1,3,2003,50
10126,43,53.83,9,2,5,2003,50
10140,29,43.27,9,3,7,2003,50
10150,30,42.76,6,3,9,2003,50
10164,25,53.83,7,4,10,2003,50
10174,49,44.78,2,4,11,2003,50
10183,40,49.3,6,4,11,2003,50
10194,41,44.78,9,4,11,2003,50
10206,21,53.33,4,4,12,2003,50
10215,46,45.28,1,1,1,2004,50
10229,39,40.25,14,1,3,2004,50
10245,45,59.87,7,2,5,2004,50
10258,21,59.87,4,2,6,2004,50
10270,44,58.36,7,3,7,2004,50
10281,44,59.87,14,3,8,2004,50
10291,29,51.82,9,3,9,2004,50
10304,34,49.3,4,4,10,2004,50
10312,39,56.85,1,4,10,2004,50
10324,38,100.0,6,4,11,2004,50
10333,24,79.86,8,4,11,2004,50
10348,29,100.0,6,4,11,2004,50
10358,30,100.0,8,4,12,2004,50
10370,20,100.0,2,1,1,2005,50
10382,39,100.0,2,1,2,2005,50
10411,35,59.87,7,2,5,2005,50
10424,26,59.87,4,2,5,2005,50
10108,44,100.0,11,1,3,2003,148
10122,28,100.0,15,2,5,2003,148
10135,31,100.0,12,3,7,2003,148
10146,29,100.0,1,3,9,2003,148
10159,32,100.0,7,4,10,2003,148
10169,33,100.0,7,4,11,2003,148
10180,44,100.0,2,4,11,2003,148
10191,32,100.0,8,4,11,2003,148
10211,41,100.0,7,1,1,2004,148
10225,35,100.0,14,1,2,2004,148
10238,44,100.0,8,2,4,2004,148
10252,26,100.0,4,2,5,2004,148
10264,20,100.0,2,2,6,2004,148
10276,48,100.0,8,3,8,2004,148
10287,34,100.0,17,3,8,2004,148
10299,49,100.0,2,3,9,2004,148
10310,40,100.0,15,4,10,2004,148
10319,45,100.0,3,4,11,2004,148
10330,50,100.0,4,4,11,2004,148
10342,38,100.0,11,4,11,2004,148
10355,25,100.0,2,4,12,2004,148
10363,28,58.18,13,1,1,2005,148
10378,49,67.14,8,1,2,2005,148
10390,49,100.0,3,1,3,2005,148
10110,42,61.29,9,1,3,2003,71
10124,23,57.73,8,2,5,2003,71
10148,29,81.25,2,3,9,2003,71
10161,25,80.54,1,4,10,2003,71
10173,39,71.98,15,4,11,2003,71
10182,44,69.84,12,4,11,2003,71
10193,25,76.26,16,4,11,2003,71
10204,45,76.26,6,4,12,2003,71
10213,25,83.39,2,1,1,2004,71
10227,37,57.73,12,1,3,2004,71
10241,30,66.99,4,2,4,2004,71
10267,36,75.55,1,3,7,2004,71
10279,26,60.58,1,3,8,2004,71
10288,23,73.41,7,3,9,2004,71
10302,23,72.7,3,4,10,2003,71
10311,25,66.99,2,4,10,2004,71
10332,21,100.0,3,4,11,2004,71
10344,26,63.43,5,4,11,2004,71
10367,44,85.25,9,1,1,2005,71
10380,24,100.0,2,1,2,2005,71
10407,66,66.99,4,2,4,2005,71
10420,36,57.73,7,2,5,2005,71
10110,36,85.25,13,1,3,2003,73
10124,22,77.9,12,2,5,2003,73
10148,25,60.26,6,3,9,2003,73
10161,37,72.76,5,4,10,2003,73
10172,32,75.69,3,4,11,2003,73
10182,47,74.22,16,4,11,2003,73
10192,37,69.82,4,4,11,2003,73
10204,20,62.47,10,4,12,2003,73
10212,41,82.31,3,1,1,2004,73
10226,21,60.26,1,1,2,2004,73
10241,22,76.43,8,2,4,2004,73
10267,40,80.1,5,3,7,2004,73
10279,32,74.96,5,3,8,2004,73
10288,36,66.14,11,3,9,2004,73
10301,27,72.02,1,4,10,2003,73
10311,26,87.45,6,4,10,2004,73
10321,30,70.55,3,4,11,2004,73
10332,23,56.84,4,4,11,2004,73
10344,29,59.53,7,4,11,2004,73
10367,21,60.37,10,1,1,2005,73
10380,34,100.0,3,1,2,2005,73
10407,26,76.43,8,2,4,2005,73
10420,60,64.67,11,2,5,2005,73
10104,35,55.49,6,1,1,2003,57
10115,47,69.36,2,2,4,2003,57
10127,20,60.69,8,2,6,2003,57
10141,20,54.33,2,3,8,2003,57
10152,25,65.31,4,3,9,2003,57
10165,25,69.36,9,4,10,2003,57
10176,27,68.78,8,4,11,2003,57
10184,31,60.11,3,4,11,2003,57
10195,44,66.47,3,4,11,2003,57
10207,49,46.82,4,4,12,2003,57
10220,26,56.07,8,1,2,2004,57
10230,36,54.33,6,1,3,2004,57
10246,44,52.6,2,2,5,2004,57
10259,28,46.82,1,2,6,2004,57
10271,45,64.74,2,3,7,2004,57
10282,29,46.82,11,3,8,2004,57
10292,40,53.75,5,3,9,2004,57
10305,45,61.85,2,4,10,2004,57
10314,44,53.18,11,4,10,2004,57
10324,25,69.16,14,4,11,2004,57
10336,45,100.0,4,4,11,2004,57
10349,48,47.4,4,4,12,2004,57
10358,44,60.76,14,4,12,2004,57
10371,25,97.27,12,1,1,2005,57
10383,22,91.76,2,1,2,2005,57
10394,31,50.29,2,1,3,2005,57
10412,21,52.6,2,2,5,2005,57
10425,55,46.82,1,2,5,2005,57
10107,25,100.0,3,1,2,2003,112
10120,35,98.05,1,2,4,2003,112
10134,35,93.54,3,3,7,2003,112
10145,43,95.8,7,3,8,2003,112
10159,44,100.0,15,4,10,2003,112
10168,50,100.0,2,4,10,2003,112
10180,48,100.0,10,4,11,2003,112
10188,25,100.0,2,4,11,2003,112
10201,39,100.0,3,4,12,2003,112
10211,25,90.16,15,1,1,2004,112
10223,32,91.29,2,1,2,2004,112
10237,20,100.0,8,2,4,2004,112
10251,26,100.0,3,2,5,2004,112
10263,42,100.0,3,2,6,2004,112
10275,21,100.0,2,3,7,2004,112
10285,34,100.0,7,3,8,2004,112
10299,47,100.0,10,3,9,2004,112
10309,21,100.0,6,4,10,2004,112
10318,48,100.0,2,4,11,2004,112
10329,30,87.78,7,4,11,2004,112
10339,27,84.39,10,4,11,2004,112
10362,50,96.92,2,1,1,2005,112
10374,38,100.0,6,1,2,2005,112
10389,45,100.0,1,1,3,2005,112
10403,46,100.0,8,2,4,2005,112
10417,35,100.0,3,2,5,2005,112
10110,29,59.37,15,1,3,2003,50
10123,50,59.87,1,2,5,2003,50
10137,26,49.81,1,3,7,2003,50
10148,47,56.85,8,3,9,2003,50
10161,23,53.33,7,4,10,2003,50
10172,34,42.76,5,4,11,2003,50
10181,34,53.83,1,4,11,2003,50
10192,47,53.83,6,4,11,2003,50
10204,45,49.81,12,4,12,2003,50
10212,45,53.33,5,1,1,2004,50
10226,36,43.27,3,1,2,2004,50
10241,21,40.25,10,2,4,2004,50
10266,28,48.3,1,3,7,2004,50
10278,35,45.28,1,3,8,2004,50
10288,50,52.32,13,3,9,2004,50
10301,22,51.32,3,4,10,2003,50
10311,45,49.3,8,4,10,2004,50
10321,48,42.26,5,4,11,2004,50
10332,20,87.96,5,4,11,2004,50
10343,27,36.21,6,4,11,2004,50
10367,38,38.5,11,1,1,2005,50
10379,32,100.0,3,1,2,2005,50
10407,64,40.25,10,2,4,2005,50
10420,37,60.37,13,2,5,2005,50
10106,28,88.63,4,1,2,2003,109
10120,39,100.0,10,2,4,2003,109
10133,41,94.1,5,2,6,2003,109
10145,40,87.54,16,3,8,2003,109
10168,49,100.0,11,4,10,2003,109
10210,27,98.48,9,1,1,2004,109
10223,34,100.0,11,1,2,2004,109
10235,23,96.29,5,2,4,2004,109
10250,31,88.63,6,2,5,2004,109
10262,34,97.38,1,2,6,2004,109
10275,25,95.2,11,3,7,2004,109
10284,22,100.0,3,3,8,2004,109
10297,32,100.0,6,3,9,2004,109
10308,31,100.0,9,4,10,2004,109
10316,25,100.0,1,4,11,2004,109
10328,47,87.54,14,4,11,2004,109
10339,21,50.65,7,4,11,2004,109
10353,28,71.73,2,4,12,2004,109
10374,46,94.1,3,1,2,2005,109
10386,33,41.71,11,1,3,2005,109
10398,43,100.0,16,1,3,2005,109
10401,38,96.29,5,2,4,2005,109
10416,47,88.63,6,2,5,2005,109
10101,45,31.2,3,1,1,2003,33
10110,20,35.51,3,1,3,2003,33
10124,45,37.84,2,2,5,2003,33
10149,36,33.19,7,3,9,2003,33
10162,37,27.22,5,4,10,2003,33
10173,31,31.53,9,4,11,2003,33
10182,39,36.84,6,4,11,2003,33
10193,26,29.21,10,4,11,2003,33
10205,32,37.17,5,4,12,2003,33
10214,20,34.19,3,1,1,2004,33
10227,42,29.21,6,1,3,2004,33
10243,33,29.54,1,2,4,2004,33
10280,20,28.88,12,3,8,2004,33
10288,29,38.17,1,3,9,2004,33
10304,23,30.2,16,4,10,2004,33
10312,39,29.54,13,4,10,2004,33
10322,20,100.0,3,4,11,2004,33
10332,45,81.91,6,4,11,2004,33
10344,20,35.18,6,4,11,2004,33
10356,48,100.0,5,4,12,2004,33
10367,23,36.29,13,1,1,2005,33
10380,32,70.56,4,1,2,2005,33
10391,33,100.0,8,1,3,2005,33
10409,61,29.54,1,2,4,2005,33
10420,45,26.88,1,2,5,2005,33
10107,38,83.03,7,1,2,2003,76
10120,34,83.79,5,2,4,2003,76
10134,43,83.03,7,3,7,2003,76
10145,47,83.03,11,3,8,2003,76
10158,22,67.03,1,4,10,2003,76
10168,29,75.41,6,4,10,2003,76
10180,28,68.55,14,4,11,2003,76
10188,40,91.4,6,4,11,2003,76
10201,25,73.88,7,4,12,2003,76
10210,30,61.7,4,1,1,2004,76
10223,38,69.31,6,1,2,2004,76
10236,36,87.6,3,2,4,2004,76
10250,32,87.6,1,2,5,2004,76
10263,37,62.46,7,2,6,2004,76
10275,30,79.98,6,3,7,2004,76
10285,39,70.08,11,3,8,2004,76
10297,32,65.51,1,3,9,2004,76
10308,47,63.22,4,4,10,2004,76
10318,26,86.83,6,4,11,2004,76
10329,37,94.43,4,4,11,2004,76
10340,55,79.98,8,4,11,2004,76
10363,21,100.0,8,1,1,2005,76
10375,23,100.0,9,1,2,2005,76
10389,49,81.4,2,1,3,2005,76
10402,59,87.6,3,2,4,2005,76
10416,32,87.6,1,2,5,2005,76
10105,43,100.0,9,1,2,2003,122
10117,41,100.0,3,2,4,2003,122
10129,45,100.0,9,2,6,2003,122
10142,33,100.0,6,3,8,2003,122
10153,40,100.0,5,3,9,2003,122
10167,33,100.0,16,4,10,2003,122
10177,50,100.0,7,4,11,2003,122
10185,30,100.0,7,4,11,2003,122
10197,41,100.0,13,4,11,2003,122
10208,35,100.0,7,1,1,2004,122
10221,49,100.0,1,1,2,2004,122
10232,46,100.0,4,1,3,2004,122
10248,48,100.0,10,2,5,2004,122
10261,36,100.0,8,2,6,2004,122
10273,22,100.0,11,3,7,2004,122
10283,42,100.0,13,3,8,2004,122
10293,21,100.0,2,3,9,2004,122
10306,29,100.0,7,4,10,2004,122
10315,35,100.0,6,4,10,2004,122
10326,41,100.0,4,4,11,2004,122
10337,29,71.97,4,4,11,2004,122
10350,34,50.33,7,4,12,2004,122
10372,37,100.0,8,1,1,2005,122
10384,28,80.54,3,1,2,2005,122
10396,49,100.0,6,1,3,2005,122
10414,23,100.0,10,2,5,2005,122
10101,46,53.76,2,1,1,2003,44
10110,39,44.35,2,1,3,2003,44
10124,22,45.25,1,2,5,2003,44
10149,49,49.28,6,3,9,2003,44
10162,43,36.29,4,4,10,2003,44
10173,27,41.22,8,4,11,2003,44
10182,31,36.74,5,4,11,2003,44
10193,20,50.62,9,4,11,2003,44
10205,24,38.08,4,4,12,2003,44
10214,49,47.94,2,1,1,2004,44
10227,24,48.38,5,1,3,2004,44
10244,39,45.25,9,2,4,2004,44
10255,37,45.7,2,2,6,2004,44
10280,45,47.49,11,3,8,2004,44
10289,45,48.38,4,3,9,2004,44
10304,44,39.42,15,4,10,2004,44
10312,23,37.63,12,4,10,2004,44
10322,30,100.0,4,4,11,2004,44
10332,26,85.52,10,4,11,2004,44
10345,43,53.76,1,4,11,2004,44
10356,26,31.86,7,4,12,2004,44
10367,28,30.59,12,1,1,2005,44
10380,27,68.35,5,1,2,2005,44
10391,24,100.0,1,1,3,2005,44
10421,40,45.7,2,2,5,2005,44
10103,36,100.0,1,1,1,2003,127
10114,21,100.0,5,2,4,2003,127
10126,27,100.0,1,2,5,2003,127
10140,47,100.0,1,3,7,2003,127
10151,42,100.0,8,3,9,2003,127
10165,32,100.0,17,4,10,2003,127
10175,28,100.0,6,4,11,2003,127
10184,24,100.0,11,4,11,2003,127
10194,49,100.0,1,4,11,2003,127
10207,46,100.0,12,4,12,2003,127
10217,28,100.0,1,1,2,2004,127
10229,48,100.0,6,1,3,2004,127
10246,29,100.0,10,2,5,2004,127
10259,47,100.0,9,2,6,2004,127
10271,43,100.0,10,3,7,2004,127
10281,25,100.0,6,3,8,2004,127
10291,48,100.0,1,3,9,2004,127
10305,24,100.0,10,4,10,2004,127
10313,42,100.0,4,4,10,2004,127
10324,31,100.0,2,4,11,2004,127
10334,42,100.0,5,4,11,2004,127
10348,37,100.0,1,4,11,2004,127
10358,41,100.0,7,4,12,2004,127
10371,20,100.0,5,1,1,2005,127
10382,20,100.0,3,1,2,2005,127
10412,70,100.0,10,2,5,2005,127
10425,49,100.0,9,2,5,2005,127
10108,35,58.87,15,1,3,2003,69
10121,32,76.88,2,2,5,2003,69
10135,29,61.64,16,3,7,2003,69
10145,27,60.95,3,3,8,2003,69
10159,27,80.34,11,4,10,2003,69
10169,38,74.11,11,4,11,2003,69
10180,35,72.03,6,4,11,2003,69
10190,42,76.19,3,4,11,2003,69
10211,21,63.72,11,1,1,2004,69
10224,37,80.34,4,1,2,2004,69
10237,26,79.65,4,2,4,2004,69
10252,47,65.8,8,2,5,2004,69
10264,37,65.1,6,2,6,2004,69
10276,46,75.49,12,3,8,2004,69
10285,38,59.56,3,3,8,2004,69
10299,33,66.49,6,3,9,2004,69
10309,24,56.1,2,4,10,2004,69
10319,31,81.73,7,4,11,2004,69
10330,42,81.03,1,4,11,2004,69
10341,32,100.0,6,4,11,2004,69
10355,41,70.65,3,4,12,2004,69
10363,43,61.23,14,1,1,2005,69
10375,20,100.0,14,1,2,2005,69
10390,35,65.13,4,1,3,2005,69
10403,27,79.65,4,2,4,2005,69
10110,43,78.15,11,1,3,2003,90
10124,32,72.7,10,2,5,2003,90
10148,21,73.6,4,3,9,2003,90
10161,20,100.0,3,4,10,2003,90
10172,22,74.51,1,4,11,2003,90
10182,36,73.6,14,4,11,2003,90
10192,46,83.6,2,4,11,2003,90
10204,47,96.32,8,4,12,2003,90
10212,45,88.14,1,1,1,2004,90
10227,47,88.14,14,1,3,2004,90
10241,47,94.5,6,2,4,2004,90
10267,38,87.24,3,3,7,2004,90
10279,49,79.97,3,3,8,2004,90
10288,35,80.87,9,3,9,2004,90
10302,49,100.0,5,4,10,2003,90
10311,28,93.6,4,4,10,2004,90
10321,30,72.7,1,4,11,2004,90
10332,39,86.72,7,4,11,2004,90
10346,25,100.0,1,4,11,2004,90
10368,40,100.0,2,1,1,2005,90
10380,36,37.5,6,1,2,2005,90
10407,76,94.5,6,2,4,2005,90
10420,39,100.0,9,2,5,2005,90
10104,44,39.6,10,1,1,2003,35
10114,24,30.06,1,2,4,2003,35
10127,39,38.19,12,2,6,2003,35
10141,21,42.43,6,3,8,2003,35
10151,30,40.31,4,3,9,2003,35
10165,27,31.82,13,4,10,2003,35
10175,37,31.12,2,4,11,2003,35
10184,42,31.82,7,4,11,2003,35
10195,32,28.29,7,4,11,2003,35
10207,42,29.7,8,4,12,2003,35
10219,21,40.31,3,1,2,2004,35
10229,33,32.88,2,1,3,2004,35
10246,49,36.07,6,2,5,2004,35
10259,31,33.24,5,2,6,2004,35
10271,38,41.72,6,3,7,2004,35
10281,20,40.66,2,3,8,2004,35
10292,39,30.06,9,3,9,2004,35
10305,48,31.47,6,4,10,2004,35
10314,39,37.13,15,4,10,2004,35
10324,30,100.0,9,4,11,2004,35
10335,33,37.13,2,4,11,2004,35
10349,36,37.13,3,4,12,2004,35
10358,36,82.94,4,4,12,2004,35
10371,45,100.0,8,1,1,2005,35
10383,40,100.0,3,1,2,2005,35
10394,46,38.9,6,1,3,2005,35
10412,30,36.07,6,2,5,2005,35
10425,31,33.24,5,2,5,2005,35
10106,49,74.68,13,1,2,2003,68
10119,41,59.6,4,2,4,2003,68
10131,35,67.14,5,2,6,2003,68
10143,27,60.97,8,3,8,2003,68
10155,23,72.62,6,4,10,2003,68
10167,21,69.88,2,4,10,2003,68
10178,34,80.84,5,4,11,2003,68
10186,22,69.2,2,4,11,2003,68
10198,48,67.82,5,4,11,2003,68
10209,43,82.21,1,1,1,2004,68
10222,32,81.53,5,1,2,2004,68
10249,20,67.82,1,2,5,2004,68
10262,24,67.14,10,2,6,2004,68
10274,40,65.08,2,3,7,2004,68
10284,30,73.99,12,3,8,2004,68
10296,21,71.25,8,3,9,2004,68
10307,25,75.36,2,4,10,2004,68
10316,34,63.71,10,4,11,2004,68
10328,48,58.92,1,4,11,2004,68
10339,55,100.0,12,4,11,2004,68
10351,25,74.68,5,4,12,2004,68
10373,38,70.44,7,1,1,2005,68
10386,39,55.96,1,1,3,2005,68
10398,28,57.55,3,1,3,2005,68
10400,24,61.66,2,2,4,2005,68
10415,21,67.82,1,2,5,2005,68
10110,46,100.0,10,1,3,2003,117
10124,25,93.95,9,2,5,2003,117
10148,34,100.0,3,3,9,2003,117
10161,25,100.0,2,4,10,2003,117
10173,23,100.0,16,4,11,2003,117
10182,20,100.0,13,4,11,2003,117
10192,23,100.0,1,4,11,2003,117
10204,42,100.0,7,4,12,2003,117
10213,27,100.0,3,1,1,2004,117
10227,33,100.0,13,1,3,2004,117
10241,28,98.65,5,2,4,2004,117
10267,43,100.0,2,3,7,2004,117
10279,48,100.0,2,3,8,2004,117
10288,48,100.0,8,3,9,2004,117
10302,45,100.0,4,4,10,2003,117
10311,43,100.0,3,4,10,2004,117
10332,44,42.26,11,4,11,2004,117
10346,24,87.24,5,4,11,2004,117
10368,31,100.0,5,1,1,2005,117
10380,44,36.29,7,1,2,2005,117
10407,59,98.65,5,2,4,2005,117
10420,55,96.3,8,2,5,2005,117
10109,29,32.1,6,1,3,2003,37
10122,39,30.96,4,2,5,2003,37
10135,20,35.87,1,3,7,2003,37
10147,25,42.67,1,3,9,2003,37
10160,42,37.0,2,4,10,2003,37
10171,36,35.49,4,4,11,2003,37
10181,37,42.67,8,4,11,2003,37
10192,30,30.59,13,4,11,2003,37
10203,21,37.0,2,4,12,2003,37
10212,34,43.42,12,1,1,2004,37
10225,42,36.63,3,1,2,2004,37
10239,20,44.56,2,2,4,2004,37
10253,40,42.67,7,2,6,2004,37
10266,34,40.4,8,3,7,2004,37
10278,31,38.89,8,3,8,2004,37
10287,36,39.65,6,3,8,2004,37
10301,48,34.36,10,4,10,2003,37
10310,33,41.91,4,4,10,2004,37
10321,37,33.23,12,4,11,2004,37
10331,27,42.24,13,4,11,2004,37
10342,39,40.4,9,4,11,2004,37
10355,36,38.52,4,4,12,2004,37
10367,36,100.0,2,1,1,2005,37
10378,41,100.0,7,1,2,2005,37
10390,37,100.0,5,1,3,2005,37
10405,47,44.56,2,2,4,2005,37
10419,15,42.67,7,2,5,2005,37
10105,44,72.58,4,1,2,2003,88
10119,35,87.62,13,2,4,2003,88
10129,41,94.71,4,2,6,2003,88
10142,49,98.25,1,3,8,2003,88
10154,31,91.17,2,4,10,2003,88
10167,20,79.66,11,4,10,2003,88
10177,45,72.58,2,4,11,2003,88
10185,33,74.35,2,4,11,2003,88
10197,47,83.2,8,4,11,2003,88
10208,20,89.4,2,1,1,2004,88
10222,47,70.81,14,1,2,2004,88
10233,40,94.71,2,1,3,2004,88
10248,30,100.0,5,2,5,2004,88
10261,22,91.17,3,2,6,2004,88
10273,27,100.0,6,3,7,2004,88
10283,34,92.94,8,3,8,2004,88
10295,46,84.97,3,3,9,2004,88
10306,31,84.08,2,4,10,2004,88
10315,24,86.74,1,4,10,2004,88
10326,41,85.85,3,4,11,2004,88
10339,55,100.0,13,4,11,2004,88
10350,30,100.0,9,4,12,2004,88
10373,33,57.32,12,1,1,2005,88
10384,43,97.87,2,1,2,2005,88
10396,27,83.2,7,1,3,2005,88
10414,60,100.0,5,2,5,2005,88
10110,27,73.62,12,1,3,2003,85
10124,49,83.04,11,2,5,2003,85
10148,31,73.62,5,3,9,2003,85
10161,20,77.05,4,4,10,2003,85
10172,24,81.33,2,4,11,2003,85
10182,33,94.17,15,4,11,2003,85
10192,32,72.77,3,4,11,2003,85
10204,40,79.62,9,4,12,2003,85
10212,27,79.62,2,1,1,2004,85
10227,40,79.62,15,1,3,2004,85
10241,26,81.33,7,2,4,2004,85
10267,44,96.74,4,3,7,2004,85
10279,33,71.06,4,3,8,2004,85
10288,34,68.49,10,3,9,2004,85
10302,48,74.48,6,4,10,2003,85
10311,25,83.04,5,4,10,2004,85
10321,39,84.75,2,4,11,2004,85
10332,45,34.19,12,4,11,2004,85
10346,24,100.0,2,4,11,2004,85
10368,46,79.62,1,1,1,2005,85
10380,44,79.06,9,1,2,2005,85
10407,13,81.33,7,2,4,2005,85
10420,35,96.74,10,2,5,2005,85
10108,30,63.07,5,1,3,2003,61
10122,34,50.21,9,2,5,2003,61
10135,27,66.13,6,3,7,2003,61
10147,30,68.58,6,3,9,2003,61
10159,50,69.8,1,4,10,2003,61
10169,34,50.21,1,4,11,2003,61
10181,23,65.52,13,4,11,2003,61
10191,48,60.01,2,4,11,2003,61
10203,34,64.9,7,4,12,2003,61
10211,48,48.98,1,1,1,2004,61
10225,24,50.21,8,1,2,2004,61
10238,47,62.45,2,2,4,2004,61
10253,24,52.66,12,2,6,2004,61
10266,47,62.45,13,3,7,2004,61
10276,20,61.23,2,3,8,2004,61
10287,20,67.97,11,3,8,2004,61
10300,31,58.78,4,4,10,2003,61
10310,38,56.94,9,4,10,2004,61
10320,26,61.23,2,4,11,2004,61
10331,25,100.0,9,4,11,2004,61
10342,48,62.45,10,4,11,2004,61
10355,44,62.45,6,4,12,2004,61
10363,21,100.0,15,1,1,2005,61
10378,46,41.54,6,1,2,2005,61
10390,46,52.84,6,1,3,2005,61
10419,55,52.66,12,2,5,2005,61
10106,31,52.6,14,1,2,2003,65
10119,20,72.98,5,2,4,2003,65
10131,29,59.18,6,2,6,2003,65
10143,33,77.59,9,3,8,2003,65
10155,34,55.89,7,4,10,2003,65
10167,32,63.12,3,4,10,2003,65
10178,27,73.64,6,4,11,2003,65
10186,21,69.04,3,4,11,2003,65
10198,27,71.67,6,4,11,2003,65
10209,36,77.59,2,1,1,2004,65
10222,43,70.35,6,1,2,2004,65
10249,25,69.7,2,2,5,2004,65
10262,46,70.35,11,2,6,2004,65
10274,24,72.33,3,3,7,2004,65
10284,39,71.67,13,3,8,2004,65
10296,31,53.92,9,3,9,2004,65
10307,22,71.67,3,4,10,2004,65
10316,47,76.93,11,4,11,2004,65
10328,20,72.98,2,4,11,2004,65
10339,29,99.69,14,4,11,2004,65
10351,38,68.38,4,4,12,2004,65
10361,34,100.0,6,4,12,2004,65
10373,46,66.0,11,1,1,2005,65
10386,35,63.76,9,1,3,2005,65
10398,34,71.67,13,1,3,2005,65
10400,38,57.2,3,2,4,2005,65
10415,18,69.7,2,2,5,2005,65
10110,37,100.0,14,1,3,2003,107
10124,43,100.0,13,2,5,2003,107
10148,27,100.0,7,3,9,2003,107
10161,30,100.0,6,4,10,2003,107
10172,22,98.51,4,4,11,2003,107
10182,49,100.0,17,4,11,2003,107
10192,46,100.0,5,4,11,2003,107
10204,48,91.02,11,4,12,2003,107
10212,46,87.81,4,1,1,2004,107
10226,48,92.09,2,1,2,2004,107
10241,27,86.73,9,2,4,2004,107
10267,43,100.0,6,3,7,2004,107
10279,48,100.0,6,3,8,2004,107
10288,41,100.0,12,3,9,2004,107
10301,22,96.37,2,4,10,2003,107
10311,46,92.09,7,4,10,2004,107
10321,21,89.95,4,4,11,2004,107
10332,31,37.18,13,4,11,2004,107
10346,26,95.88,6,4,11,2004,107
10368,20,99.58,4,1,1,2005,107
10380,34,100.0,11,1,2,2005,107
10407,43,86.73,9,2,4,2005,107
10420,26,100.0,12,2,5,2005,107
10105,50,79.67,1,1,2,2003,83
10119,35,90.57,10,2,4,2003,83
10129,50,77.99,1,2,6,2003,83
10143,23,80.51,14,3,8,2003,83
10155,37,67.93,12,4,10,2003,83
10167,29,83.86,8,4,10,2003,83
10178,21,72.12,11,4,11,2003,83
10186,36,85.54,8,4,11,2003,83
10197,22,86.38,5,4,11,2003,83
10209,22,89.73,7,1,1,2004,83
10222,46,80.51,11,1,2,2004,83
10248,23,76.31,2,2,5,2004,83
10262,49,87.21,16,2,6,2004,83
10273,48,83.02,3,3,7,2004,83
10283,33,72.96,5,3,8,2004,83
10296,22,77.15,14,3,9,2004,83
10307,22,91.41,8,4,10,2004,83
10316,25,92.25,16,4,11,2004,83
10326,20,92.25,2,4,11,2004,83
10339,42,59.36,16,4,11,2004,83
10350,25,60.34,10,4,12,2004,83
10373,23,100.0,10,1,1,2005,83
10385,37,85.54,2,1,2,2005,83
10396,37,90.57,8,1,3,2005,83
10400,42,72.96,8,2,4,2005,83
10414,51,76.31,2,2,5,2005,83
10108,40,100.0,1,1,3,2003,140
10122,43,100.0,5,2,5,2003,140
10135,47,100.0,2,3,7,2003,140
10147,23,100.0,2,3,9,2003,140
10160,35,100.0,3,4,10,2003,140
10170,34,100.0,1,4,11,2003,140
10181,25,100.0,9,4,11,2003,140
10192,45,100.0,14,4,11,2003,140
10203,47,100.0,3,4,12,2003,140
10212,49,100.0,13,1,1,2004,140
10225,40,100.0,4,1,2,2004,140
10239,29,100.0,3,2,4,2004,140
10253,39,100.0,8,2,6,2004,140
10266,24,100.0,9,3,7,2004,140
10278,25,100.0,9,3,8,2004,140
10287,36,100.0,7,3,8,2004,140
10301,50,100.0,11,4,10,2003,140
10310,45,100.0,5,4,10,2004,140
10321,26,100.0,13,4,11,2004,140
10331,21,100.0,1,4,11,2004,140
10342,42,100.0,6,4,11,2004,140
10355,32,100.0,8,4,12,2004,140
10363,31,94.58,1,1,1,2005,140
10378,33,53.27,3,1,2,2005,140
10390,45,100.0,8,1,3,2005,140
10405,76,100.0,3,2,4,2005,140
10419,70,100.0,8,2,5,2005,140
10106,50,64.83,11,1,2,2003,68
10119,28,70.29,2,2,4,2003,68
10131,50,81.89,3,2,6,2003,68
10143,28,66.19,6,3,8,2003,68
10155,44,77.11,4,4,10,2003,68
10168,27,73.02,18,4,10,2003,68
10178,30,72.33,3,4,11,2003,68
10198,43,66.19,3,4,11,2003,68
10210,29,69.6,16,1,1,2004,68
10222,48,56.64,3,1,2,2004,68
10235,33,60.05,12,2,4,2004,68
10250,40,75.06,13,2,5,2004,68
10262,48,61.42,8,2,6,2004,68
10275,41,81.89,18,3,7,2004,68
10284,21,55.96,10,3,8,2004,68
10296,32,71.65,6,3,9,2004,68
10308,43,76.43,16,4,10,2004,68
10316,30,77.79,8,4,11,2004,68
10328,35,76.43,3,4,11,2004,68
10339,45,96.92,11,4,11,2004,68
10351,34,59.37,3,4,12,2004,68
10361,26,100.0,7,4,12,2004,68
10373,39,73.0,13,1,1,2005,68
10386,41,73.32,12,1,3,2005,68
10398,41,68.24,2,1,3,2005,68
10401,64,60.05,12,2,4,2005,68
10416,18,75.06,13,2,5,2005,68
10100,49,34.47,1,1,1,2003,41
10110,48,34.47,5,1,3,2003,41
10124,46,33.23,4,2,5,2003,41
10149,26,38.98,9,3,9,2003,41
10162,37,38.98,7,4,10,2003,41
10173,35,33.23,11,4,11,2003,41
10182,23,42.26,8,4,11,2003,41
10193,22,41.03,12,4,11,2003,41
10204,39,33.23,2,4,12,2003,41
10214,44,34.88,5,1,1,2004,41
10227,27,43.9,8,1,3,2004,41
10242,46,36.93,1,2,4,2004,41
10280,33,41.85,14,3,8,2004,41
10288,33,40.62,3,3,9,2004,41
10303,24,40.21,1,4,10,2004,41
10312,31,35.29,15,4,10,2004,41
10332,41,77.24,14,4,11,2004,41
10346,22,97.44,4,4,11,2004,41
10368,46,37.34,3,1,1,2005,41
10380,43,95.03,12,1,2,2005,41
10408,15,36.93,1,2,4,2005,41
10420,15,43.49,3,2,5,2005,41
10104,26,100.0,5,1,1,2003,118
10115,44,100.0,1,2,4,2003,118
10127,20,96.99,7,2,6,2003,118
10141,40,94.62,1,3,8,2003,118
10152,23,100.0,3,3,9,2003,118
10165,24,99.36,8,4,10,2003,118
10176,29,100.0,7,4,11,2003,118
10184,49,100.0,2,4,11,2003,118
10195,34,100.0,2,4,11,2003,118
10207,28,100.0,3,4,12,2003,118
10220,37,100.0,7,1,2,2004,118
10230,45,100.0,5,1,3,2004,118
10246,46,100.0,1,2,5,2004,118
10271,22,100.0,1,3,7,2004,118
10282,39,100.0,10,3,8,2004,118
10292,27,100.0,4,3,9,2004,118
10305,36,100.0,1,4,10,2004,118
10314,38,100.0,10,4,10,2004,118
10325,44,100.0,5,4,11,2004,118
10336,31,100.0,5,4,11,2004,118
10349,23,100.0,2,4,12,2004,118
10359,22,100.0,7,4,12,2004,118
10371,28,50.32,9,1,1,2005,118
10383,21,93.91,4,1,2,2005,118
10394,37,100.0,7,1,3,2005,118
10412,31,100.0,1,2,5,2005,118
10103,25,100.0,15,1,1,2003,97
10111,26,86.68,3,1,3,2003,97
10126,34,100.0,15,2,5,2003,97
10139,29,100.0,4,3,7,2003,97
10149,20,90.57,1,3,9,2003,97
10163,42,91.55,5,4,10,2003,97
10173,22,100.0,3,4,11,2003,97
10183,47,100.0,12,4,11,2003,97
10193,20,100.0,4,4,11,2003,97
10206,33,97.39,10,4,12,2003,97
10215,39,90.57,7,1,1,2004,97
10228,33,100.0,6,1,3,2004,97
10244,40,86.68,4,2,4,2004,97
10257,46,78.89,4,2,6,2004,97
10269,48,97.39,2,3,7,2004,97
10280,21,78.89,6,3,8,2004,97
10290,45,100.0,1,3,9,2004,97
10304,33,100.0,10,4,10,2004,97
10312,44,100.0,7,4,10,2004,97
10324,33,100.0,3,4,11,2004,97
10333,39,100.0,1,4,11,2004,97
10348,39,50.31,2,4,11,2004,97
10358,41,100.0,6,4,12,2004,97
10369,40,86.92,3,1,1,2005,97
10382,33,100.0,4,1,2,2005,97
10423,28,78.89,4,2,5,2005,97
10106,26,63.76,3,1,2,2003,72
10120,29,85.49,9,2,4,2003,72
10133,46,77.52,4,2,6,2003,72
10145,33,84.77,15,3,8,2003,72
10168,48,78.25,10,4,10,2003,72
10210,40,71.0,8,1,1,2004,72
10223,23,74.62,10,1,2,2004,72
10235,40,81.14,4,2,4,2004,72
10250,37,74.62,5,2,5,2004,72
10263,24,75.35,11,2,6,2004,72
10275,27,62.31,10,3,7,2004,72
10284,21,71.0,2,3,8,2004,72
10297,23,72.45,5,3,9,2004,72
10308,44,83.32,8,4,10,2004,72
10317,35,83.32,1,4,11,2004,72
10328,43,60.86,4,4,11,2004,72
10340,40,84.77,1,4,11,2004,72
10353,35,89.9,3,4,12,2004,72
10361,25,62.46,1,4,12,2004,72
10375,43,100.0,2,1,2,2005,72
10386,50,63.34,8,1,3,2005,72
10398,45,78.25,14,1,3,2005,72
10401,52,81.14,4,2,4,2005,72
10416,48,74.62,5,2,5,2005,72
10108,31,68.71,10,1,3,2003,80
10122,29,71.14,14,2,5,2003,80
10135,23,87.31,11,3,7,2003,80
10147,31,64.67,11,3,9,2003,80
10159,23,67.1,6,4,10,2003,80
10169,24,94.58,6,4,11,2003,80
10180,28,71.14,1,4,11,2003,80
10191,44,66.29,7,4,11,2003,80
10211,22,92.16,6,1,1,2004,80
10225,46,70.33,13,1,2,2004,80
10238,22,93.77,7,2,4,2004,80
10252,38,87.31,3,2,5,2004,80
10264,47,83.27,1,2,6,2004,80
10276,48,75.18,7,3,8,2004,80
10287,40,88.12,16,3,8,2004,80
10299,32,80.84,1,3,9,2004,80
10310,49,97.01,14,4,10,2004,80
10319,43,85.69,2,4,11,2004,80
10331,41,100.0,2,4,11,2004,80
10343,30,100.0,1,4,11,2004,80
10355,28,95.39,9,4,12,2004,80
10363,43,100.0,9,1,1,2005,80
10378,41,100.0,2,1,2,2005,80
10390,30,82.42,10,1,3,2005,80
10103,31,100.0,3,1,1,2003,96
10114,32,100.0,7,2,4,2003,96
10126,43,96.31,3,2,5,2003,96
10140,26,100.0,3,3,7,2003,96
10151,27,100.0,10,3,9,2003,96
10164,24,100.0,1,4,10,2003,96
10175,22,100.0,8,4,11,2003,96
10184,46,100.0,13,4,11,2003,96
10194,37,97.27,3,4,11,2003,96
10207,49,80.9,14,4,12,2003,96
10217,21,100.0,3,1,2,2004,96
10229,25,100.0,8,1,3,2004,96
10245,37,100.0,1,2,5,2004,96
10259,45,86.68,11,2,6,2004,96
10270,32,85.72,1,3,7,2004,96
10281,29,82.83,8,3,8,2004,96
10291,26,83.79,3,3,9,2004,96
10305,28,100.0,12,4,10,2004,96
10313,27,87.64,6,4,10,2004,96
10324,20,98.18,11,4,11,2004,96
10335,44,100.0,1,4,11,2004,96
10348,42,100.0,3,4,11,2004,96
10358,41,100.0,1,4,12,2004,96
10371,26,100.0,1,1,1,2005,96
10382,26,100.0,6,1,2,2005,96
10411,26,100.0,1,2,5,2005,96
10425,41,86.68,11,2,5,2005,96
10107,20,92.9,8,1,2,2003,99
10120,22,100.0,6,2,4,2003,99
10133,23,100.0,1,2,6,2003,99
10145,33,93.9,12,3,8,2003,99
10168,28,100.0,7,4,10,2003,99
10188,44,98.89,7,4,11,2003,99
10210,46,79.91,5,1,1,2004,99
10223,21,100.0,7,1,2,2004,99
10235,41,100.0,1,2,4,2004,99
10250,31,100.0,2,2,5,2004,99
10263,31,79.91,8,2,6,2004,99
10275,23,81.91,7,3,7,2004,99
10285,37,98.89,12,3,8,2004,99
10297,26,100.0,2,3,9,2004,99
10308,24,79.91,5,4,10,2004,99
10318,47,100.0,7,4,11,2004,99
10329,45,63.91,11,4,11,2004,99
10340,55,100.0,2,4,11,2004,99
10353,46,81.17,5,4,12,2004,99
10363,50,100.0,2,1,1,2005,99
10375,37,100.0,3,1,2,2005,99
10387,44,94.9,1,1,3,2005,99
10401,49,100.0,1,2,4,2005,99
10416,45,100.0,2,2,5,2005,99
10108,27,43.45,13,1,3,2003,40
10122,31,44.66,17,2,5,2003,40
10135,33,40.23,14,3,7,2003,40
10145,31,35.8,1,3,8,2003,40
10159,35,35.4,9,4,10,2003,40
10169,26,39.83,9,4,11,2003,40
10180,34,45.46,4,4,11,2003,40
10190,46,32.99,1,4,11,2003,40
10211,41,42.24,9,1,1,2004,40
10224,43,39.43,2,1,2,2004,40
10237,26,40.23,2,2,4,2004,40
10252,36,48.28,6,2,5,2004,40
10264,20,32.59,4,2,6,2004,40
10276,27,36.61,10,3,8,2004,40
10285,37,41.03,1,3,8,2004,40
10299,24,42.24,4,3,9,2004,40
10310,36,43.05,17,4,10,2004,40
10319,29,38.22,5,4,11,2004,40
10331,28,100.0,3,4,11,2004,40
10343,29,100.0,5,4,11,2004,40
10355,38,39.83,10,4,12,2004,40
10364,48,48.28,1,1,1,2005,40
10378,40,82.46,1,1,2,2005,40
10390,41,44.56,11,1,3,2005,40
10403,30,40.23,2,2,4,2005,40
10104,35,47.62,11,1,1,2003,54
10114,28,55.73,2,2,4,2003,54
10127,45,51.95,13,2,6,2003,54
10141,24,45.99,7,3,8,2003,54
10151,41,63.85,5,3,9,2003,54
10165,48,45.99,14,4,10,2003,54
10175,50,63.31,3,4,11,2003,54
10184,33,62.77,8,4,11,2003,54
10195,32,43.29,8,4,11,2003,54
10207,27,60.06,9,4,12,2003,54
10219,35,55.19,4,1,2,2004,54
10229,23,54.11,3,1,3,2004,54
10246,35,48.7,7,2,5,2004,54
10259,40,43.83,6,2,6,2004,54
10271,35,47.62,7,3,7,2004,54
10281,31,55.19,3,3,8,2004,54
10292,50,46.53,10,3,9,2004,54
10305,40,57.9,7,4,10,2004,54
10313,38,45.45,1,4,10,2004,54
10325,38,100.0,3,4,11,2004,54
10335,40,60.6,3,4,11,2004,54
10349,33,46.53,1,4,12,2004,54
10359,36,100.0,3,4,12,2004,54
10371,20,66.47,2,1,1,2005,54
10383,32,53.18,5,1,2,2005,54
10394,36,62.77,3,1,3,2005,54
10412,19,48.7,7,2,5,2005,54
10425,11,43.83,6,2,5,2005,54
10104,49,65.87,4,1,1,2003,62
10116,27,63.38,1,2,4,2003,62
10127,29,70.84,6,2,6,2003,62
10142,42,74.57,16,3,8,2003,62
10152,33,50.95,2,3,9,2003,62
10165,44,53.44,7,4,10,2003,62
10176,22,64.0,6,4,11,2003,62
10184,48,50.95,1,4,11,2003,62
10195,33,54.68,1,4,11,2003,62
10207,45,56.55,2,4,12,2003,62
10220,20,52.82,6,1,2,2004,62
10230,46,60.9,4,1,3,2004,62
10247,40,49.71,6,2,5,2004,62
10272,45,64.63,6,3,7,2004,62
10282,36,59.65,9,3,8,2004,62
10292,31,67.73,3,3,9,2004,62
10306,46,50.33,17,4,10,2004,62
10314,35,66.49,9,4,10,2004,62
10325,28,100.0,2,4,11,2004,62
10336,31,84.71,9,4,11,2004,62
10350,27,100.0,14,4,12,2004,62
10359,22,100.0,1,4,12,2004,62
10371,30,99.55,11,1,1,2005,62
10383,44,36.07,8,1,2,2005,62
10394,30,60.28,4,1,3,2005,62
10413,24,49.71,6,2,5,2005,62
10103,45,75.63,7,1,1,2003,64
10113,23,68.52,1,1,3,2003,64
10126,26,62.7,7,2,5,2003,64
10140,28,60.76,7,3,7,2003,64
10150,49,58.18,4,3,9,2003,64
10164,49,54.94,5,4,10,2003,64
10175,29,74.98,12,4,11,2003,64
10183,49,64.64,4,4,11,2003,64
10194,39,54.94,7,4,11,2003,64
10206,36,58.82,2,4,12,2003,64
10217,39,62.05,7,1,2,2004,64
10229,30,73.04,12,1,3,2004,64
10245,44,69.16,5,2,5,2004,64
10258,20,61.41,2,2,6,2004,64
10270,21,63.35,5,3,7,2004,64
10281,36,77.57,12,3,8,2004,64
10291,32,71.75,7,3,9,2004,64
10304,36,73.04,2,4,10,2004,64
10313,34,56.24,10,4,10,2004,64
10324,48,100.0,4,4,11,2004,64
10333,33,73.69,4,4,11,2004,64
10348,31,100.0,5,4,11,2004,64
10358,36,100.0,2,4,12,2004,64
10370,25,100.0,3,1,1,2005,64
10382,48,100.0,8,1,2,2005,64
10411,27,69.16,5,2,5,2005,64
10424,44,61.41,2,2,5,2005,64
10106,33,72.92,5,1,2,2003,68
10120,29,72.23,11,2,4,2003,68
10133,49,57.1,6,2,6,2003,68
10144,20,81.86,1,3,8,2003,68
10168,31,73.61,12,4,10,2003,68
10210,39,59.16,10,1,1,2004,68
10223,20,66.04,12,1,2,2004,68
10235,34,77.73,6,2,4,2004,68
10250,50,61.22,7,2,5,2004,68
10262,40,79.11,2,2,6,2004,68
10275,28,63.97,12,3,7,2004,68
10284,50,81.86,4,3,8,2004,68
10297,28,79.8,7,3,9,2004,68
10308,46,66.04,10,4,10,2004,68
10316,24,59.16,2,4,11,2004,68
10328,24,81.17,5,4,11,2004,68
10340,39,59.16,3,4,11,2004,68
10353,40,44.51,7,4,12,2004,68
10361,49,72.33,2,4,12,2004,68
10375,44,82.26,4,1,2,2005,68
10388,35,100.0,8,1,3,2005,68
10398,22,67.41,4,1,3,2005,68
10401,62,77.73,6,2,4,2005,68
10416,26,61.22,7,2,5,2005,68
10108,31,100.0,16,1,3,2003,102
10121,25,86.74,3,2,5,2003,102
10135,30,89.8,17,3,7,2003,102
10145,27,100.0,4,3,8,2003,102
10159,23,100.0,12,4,10,2003,102
10169,34,100.0,12,4,11,2003,102
10180,22,100.0,7,4,11,2003,102
10190,42,85.72,4,4,11,2003,102
10211,37,100.0,12,1,1,2004,102
10224,30,100.0,5,1,2,2004,102
10237,27,100.0,5,2,4,2004,102
10252,25,100.0,9,2,5,2004,102
10264,34,97.97,7,2,6,2004,102
10276,38,100.0,13,3,8,2004,102
10285,26,100.0,4,3,8,2004,102
10299,38,100.0,7,3,9,2004,102
10309,50,84.7,3,4,10,2004,102
10319,22,100.0,8,4,11,2004,102
10331,32,100.0,4,4,11,2004,102
10341,31,71.02,4,4,11,2004,102
10355,40,100.0,5,4,12,2004,102
10365,22,100.0,3,1,1,2005,102
10375,41,100.0,15,1,2,2005,102
10390,45,48.98,12,1,3,2005,102
10403,45,100.0,5,2,4,2005,102
10106,39,40.15,6,1,2,2003,43
10120,49,50.62,12,2,4,2003,43
10133,27,50.19,7,2,6,2003,43
10143,34,36.66,1,3,8,2003,43
10156,20,41.02,1,4,10,2003,43
10168,48,51.93,13,4,10,2003,43
10199,29,38.4,1,4,12,2003,43
10210,43,41.02,11,1,1,2004,43
10223,41,46.26,13,1,2,2004,43
10235,41,35.35,7,2,4,2004,43
10250,36,51.93,8,2,5,2004,43
10262,49,37.97,3,2,6,2004,43
10275,38,45.39,13,3,7,2004,43
10284,33,51.93,5,3,8,2004,43
10296,26,48.44,1,3,9,2004,43
10308,47,43.64,11,4,10,2004,43
10316,34,47.57,3,4,11,2004,43
10328,34,51.93,7,4,11,2004,43
10340,40,50.62,4,4,11,2004,43
10353,40,82.21,8,4,12,2004,43
10361,33,82.59,3,4,12,2004,43
10375,49,65.8,5,1,2,2005,43
10388,27,100.0,1,1,3,2005,43
10398,49,36.66,5,1,3,2005,43
10401,56,35.35,7,2,4,2005,43
10416,37,51.93,8,2,5,2005,43
10104,33,100.0,7,1,1,2003,115
10115,27,100.0,3,2,4,2003,115
10127,46,100.0,9,2,6,2003,115
10141,44,100.0,3,3,8,2003,115
10151,26,100.0,1,3,9,2003,115
10165,48,94.92,10,4,10,2003,115
10176,23,100.0,9,4,11,2003,115
10184,45,100.0,4,4,11,2003,115
10195,49,100.0,4,4,11,2003,115
10207,28,94.92,5,4,12,2003,115
10220,37,100.0,9,1,2,2004,115
10230,34,100.0,7,1,3,2004,115
10246,22,100.0,3,2,5,2004,115
10259,29,100.0,2,2,6,2004,115
10271,34,98.39,3,3,7,2004,115
10282,38,100.0,12,3,8,2004,115
10292,41,100.0,6,3,9,2004,115
10305,42,100.0,3,4,10,2004,115
10314,28,100.0,12,4,10,2004,115
10325,38,100.0,4,4,11,2004,115
10336,23,100.0,8,4,11,2004,115
10350,31,71.4,8,4,12,2004,115
10359,46,100.0,2,4,12,2004,115
10371,48,56.55,10,1,1,2005,115
10383,29,100.0,13,1,2,2005,115
10395,46,100.0,4,1,3,2005,115
10412,26,100.0,3,2,5,2005,115
10425,18,100.0,2,2,5,2005,115
10104,32,53.31,2,1,1,2003,58
10117,21,49.21,11,2,4,2003,58
10127,46,69.12,4,2,6,2003,58
10142,42,49.79,14,3,8,2003,58
10153,31,57.41,13,3,9,2003,58
10165,38,66.78,5,4,10,2003,58
10176,38,64.44,4,4,11,2003,58
10185,20,48.62,15,4,11,2003,58
10196,46,62.09,7,4,11,2003,58
10208,30,65.61,15,1,1,2004,58
10220,30,68.54,4,1,2,2004,58
10230,43,52.14,2,1,3,2004,58
10247,49,63.85,4,2,5,2004,58
10272,43,56.82,4,3,7,2004,58
10282,37,66.78,7,3,8,2004,58
10292,35,55.07,1,3,9,2004,58
10306,34,60.34,15,4,10,2004,58
10314,38,61.51,7,4,10,2004,58
10325,44,100.0,7,4,11,2004,58
10337,21,100.0,6,4,11,2004,58
10350,44,100.0,17,4,12,2004,58
10359,25,64.93,4,4,12,2004,58
10372,24,58.58,9,1,1,2005,58
10383,38,60.06,10,1,2,2005,58
10395,45,100.0,3,1,3,2005,58
10413,51,63.85,4,2,5,2005,58
10108,34,82.99,14,1,3,2003,81
10121,44,74.85,1,2,5,2003,81
10135,44,96.0,15,3,7,2003,81
10145,38,81.36,2,3,8,2003,81
10159,31,71.6,10,4,10,2003,81
10169,48,80.55,10,4,11,2003,81
10180,21,93.56,5,4,11,2003,81
10190,40,66.72,2,4,11,2003,81
10211,40,80.55,10,1,1,2004,81
10224,50,77.29,3,1,2,2004,81
10237,20,68.34,3,2,4,2004,81
10252,48,72.41,7,2,5,2004,81
10264,47,89.5,5,2,6,2004,81
10276,21,70.78,11,3,8,2004,81
10285,39,78.92,2,3,8,2004,81
10299,44,80.55,5,3,9,2004,81
10309,28,88.68,1,4,10,2004,81
10319,45,77.29,6,4,11,2004,81
10331,20,100.0,5,4,11,2004,81
10341,38,100.0,3,4,11,2004,81
10356,26,100.0,4,4,12,2004,81
10365,44,100.0,2,1,1,2005,81
10375,49,100.0,8,1,2,2005,81
10390,22,100.0,13,1,3,2005,81
10403,31,68.34,3,2,4,2005,81
10105,41,70.67,5,1,2,2003,66
10119,25,76.67,14,2,4,2003,66
10129,31,60.0,5,2,6,2003,66
10142,41,64.0,2,3,8,2003,66
10153,43,64.67,1,3,9,2003,66
10167,43,75.34,12,4,10,2003,66
10177,24,76.0,3,4,11,2003,66
10185,21,54.0,3,4,11,2003,66
10197,23,64.67,9,4,11,2003,66
10208,38,74.67,3,1,1,2004,66
10222,31,62.67,15,1,2,2004,66
10233,36,70.67,3,1,3,2004,66
10248,36,71.34,6,2,5,2004,66
10261,34,62.0,4,2,6,2004,66
10273,21,65.34,7,3,7,2004,66
10283,45,78.67,9,3,8,2004,66
10295,26,75.34,4,3,9,2004,66
10306,50,54.0,3,4,10,2004,66
10315,41,62.0,2,4,10,2004,66
10326,39,60.0,1,4,11,2004,66
10339,22,100.0,5,4,11,2004,66
10350,46,76.67,11,4,12,2004,66
10373,44,100.0,14,1,1,2005,66
10385,25,77.34,1,1,2,2005,66
10396,39,66.67,1,1,3,2005,66
10414,37,71.34,6,2,5,2005,66
10106,31,100.0,7,1,2,2003,91
10120,47,82.21,13,2,4,2003,91
10133,24,77.64,8,2,6,2003,91
10143,36,100.0,2,3,8,2003,91
10156,48,100.0,2,4,10,2003,91
10168,28,98.65,14,4,10,2003,91
10199,48,83.12,2,4,12,2003,91
10210,21,78.55,12,1,1,2004,91
10223,25,100.0,14,1,2,2004,91
10235,25,100.0,8,2,4,2004,91
10250,31,91.34,9,2,5,2004,91
10262,40,84.03,4,2,6,2004,91
10275,32,89.51,14,3,7,2004,91
10284,24,83.12,6,3,8,2004,91
10296,42,100.0,2,3,9,2004,91
10308,21,100.0,12,4,10,2004,91
10316,34,82.21,4,4,11,2004,91
10328,27,100.0,8,4,11,2004,91
10340,30,88.6,5,4,11,2004,91
10353,39,100.0,9,4,12,2004,91
10361,20,60.54,4,4,12,2004,91
10375,37,81.87,6,1,2,2005,91
10388,46,100.0,2,1,3,2005,91
10398,47,87.69,6,1,3,2005,91
10401,11,100.0,8,2,4,2005,91
10416,23,91.34,9,2,5,2005,91
10105,29,70.15,12,1,2,2003,86
10117,38,79.68,6,2,4,2003,86
10128,32,97.0,3,2,6,2003,86
10142,43,84.01,9,3,8,2003,86
10153,31,87.48,8,3,9,2003,86
10166,29,100.0,3,4,10,2003,86
10177,31,88.34,10,4,11,2003,86
10185,30,94.4,10,4,11,2003,86
10196,50,94.4,2,4,11,2003,86
10208,40,80.55,10,1,1,2004,86
10221,23,97.0,4,1,2,2004,86
10232,26,88.34,7,1,3,2004,86
10248,40,100.0,13,2,5,2004,86
10273,21,100.0,14,3,7,2004,86
10282,43,86.61,2,3,8,2004,86
10293,29,71.89,5,3,9,2004,86
10306,38,91.81,10,4,10,2004,86
10314,23,76.22,2,4,10,2004,86
10327,20,100.0,7,4,11,2004,86
10337,36,70.3,9,4,11,2004,86
10350,28,100.0,4,4,12,2004,86
10372,44,100.0,2,1,1,2005,86
10384,49,100.0,1,1,2,2005,86
10397,32,80.55,5,1,3,2005,86
10414,34,100.0,13,2,5,2005,86
10106,30,100.0,16,1,2,2003,90
10119,29,94.14,7,2,4,2003,90
10131,22,85.99,8,2,6,2003,90
10143,26,100.0,11,3,8,2003,90
10155,32,91.43,9,4,10,2003,90
10167,29,100.0,5,4,10,2003,90
10178,34,96.86,8,4,11,2003,90
10186,24,99.57,5,4,11,2003,90
10197,24,90.52,2,4,11,2003,90
10209,33,88.71,4,1,1,2004,90
10222,26,100.0,8,1,2,2004,90
10249,40,95.95,4,2,5,2004,90
10262,44,94.14,13,2,6,2004,90
10274,24,90.52,5,3,7,2004,90
10283,20,94.14,2,3,8,2004,90
10296,34,100.0,11,3,9,2004,90
10307,34,97.76,5,4,10,2004,90
10316,45,93.24,13,4,11,2004,90
10328,41,100.0,9,4,11,2004,90
10339,55,71.25,15,4,11,2004,90
10352,23,100.0,3,4,12,2004,90
10361,24,45.39,14,4,12,2004,90
10373,32,84.41,15,1,1,2005,90
10386,29,85.76,13,1,3,2005,90
10398,36,100.0,7,1,3,2005,90
10400,46,87.8,5,2,4,2005,90
10415,32,95.95,4,2,5,2005,90
10106,34,100.0,9,1,2,2003,99
10120,24,100.0,15,2,4,2003,99
10131,40,100.0,1,2,6,2003,99
10143,26,82.77,4,3,8,2003,99
10155,20,100.0,2,4,10,2003,99
10168,31,100.0,16,4,10,2003,99
10178,22,87.75,1,4,11,2003,99
10198,42,100.0,1,4,11,2003,99
10210,26,99.72,14,1,1,2004,99
10222,37,87.75,1,1,2,2004,99
10235,38,88.75,10,2,4,2004,99
10250,35,100.0,11,2,5,2004,99
10262,33,90.75,6,2,6,2004,99
10275,39,100.0,16,3,7,2004,99
10284,45,100.0,8,3,8,2004,99
10296,24,100.0,4,3,9,2004,99
10308,35,88.75,14,4,10,2004,99
10316,23,100.0,6,4,11,2004,99
10328,37,100.0,10,4,11,2004,99
10340,55,87.75,7,4,11,2004,99
10352,49,100.0,2,4,12,2004,99
10361,26,100.0,9,4,12,2004,99
10375,33,100.0,1,1,2,2005,99
10386,37,83.84,14,1,3,2005,99
10398,22,86.76,8,1,3,2005,99
10401,85,88.75,10,2,4,2005,99
10416,22,100.0,11,2,5,2005,99
10105,31,65.77,3,1,2,2003,72
10119,38,65.77,12,2,4,2003,72
10129,45,85.29,3,2,6,2003,72
10143,31,85.29,16,3,8,2003,72
10154,36,64.33,1,4,10,2003,72
10167,46,70.11,10,4,10,2003,72
10177,32,76.62,1,4,11,2003,72
10185,39,57.82,1,4,11,2003,72
10197,50,78.79,7,4,11,2003,72
10208,46,74.45,1,1,1,2004,72
10222,36,80.95,13,1,2,2004,72
10233,29,82.4,1,1,3,2004,72
10248,32,75.89,4,2,5,2004,72
10261,44,68.67,2,2,6,2004,72
10273,42,62.16,5,3,7,2004,72
10283,47,65.77,7,3,8,2004,72
10295,44,58.55,2,3,9,2004,72
10306,43,75.17,1,4,10,2004,72
10316,48,74.45,18,4,11,2004,72
10327,21,96.31,1,4,11,2004,72
10339,50,74.35,9,4,11,2004,72
10350,29,75.35,12,4,12,2004,72
10373,41,70.33,16,1,1,2005,72
10386,37,100.0,10,1,3,2005,72
10397,22,66.5,4,1,3,2005,72
10414,31,75.89,4,2,5,2005,72
10103,42,100.0,6,1,1,2003,101
10114,42,100.0,10,2,4,2003,101
10126,45,100.0,6,2,5,2003,101
10140,36,100.0,6,3,7,2003,101
10150,20,100.0,3,3,9,2003,101
10164,39,81.93,4,4,10,2003,101
10175,42,85.98,11,4,11,2003,101
10183,23,86.99,3,4,11,2003,101
10194,26,89.01,6,4,11,2003,101
10206,33,100.0,1,4,12,2003,101
10217,31,88.0,6,1,2,2004,101
10229,50,100.0,11,1,3,2004,101
10245,44,100.0,4,2,5,2004,101
10258,45,80.92,1,2,6,2004,101
10270,46,88.0,4,3,7,2004,101
10281,27,85.98,11,3,8,2004,101
10291,28,100.0,6,3,9,2004,101
10304,40,100.0,1,4,10,2004,101
10313,30,99.13,9,4,10,2004,101
10324,34,100.0,5,4,11,2004,101
10336,46,100.0,2,4,11,2004,101
10348,32,82.83,7,4,11,2004,101
10358,27,100.0,3,4,12,2004,101
10371,34,100.0,3,1,1,2005,101
10382,34,54.84,9,1,2,2005,101
10411,34,100.0,4,2,5,2005,101
10424,46,80.92,1,2,5,2005,101
10106,32,100.0,1,1,2,2003,118
10120,24,100.0,7,2,4,2003,118
10133,27,99.67,2,2,6,2003,118
10145,20,100.0,13,3,8,2003,118
10168,36,100.0,8,4,10,2003,118
10188,29,100.0,8,4,11,2003,118
10210,25,100.0,6,1,1,2004,118
10223,29,100.0,8,1,2,2004,118
10235,25,96.11,2,2,4,2004,118
10250,44,100.0,3,2,5,2004,118
10263,47,100.0,9,2,6,2004,118
10275,48,100.0,8,3,7,2004,118
10285,45,100.0,13,3,8,2004,118
10297,35,100.0,3,3,9,2004,118
10308,31,100.0,6,4,10,2004,118
10318,50,100.0,8,4,11,2004,118
10328,33,100.0,11,4,11,2004,118
10340,29,100.0,6,4,11,2004,118
10353,48,68.8,4,4,12,2004,118
10361,44,72.42,5,4,12,2004,118
10375,25,66.73,10,1,2,2005,118
10388,50,100.0,3,1,3,2005,118
10398,23,100.0,9,1,3,2005,118
10401,21,96.11,2,2,4,2005,118
10416,41,100.0,3,2,5,2005,118
10106,44,74.4,8,1,2,2003,80
10120,43,76.0,14,2,4,2003,80
10143,28,96.0,3,3,8,2003,80
10155,43,86.4,1,4,10,2003,80
10168,48,96.0,15,4,10,2003,80
10199,38,82.4,3,4,12,2003,80
10210,31,86.4,13,1,1,2004,80
10223,26,67.2,15,1,2,2004,80
10235,32,92.0,9,2,4,2004,80
10250,44,67.2,10,2,5,2004,80
10262,27,76.0,5,2,6,2004,80
10275,43,73.6,15,3,7,2004,80
10284,25,69.6,7,3,8,2004,80
10296,22,80.8,3,3,9,2004,80
10308,21,87.2,13,4,10,2004,80
10316,48,75.2,5,4,11,2004,80
10328,33,64.0,13,4,11,2004,80
10341,34,100.0,5,4,11,2004,80
10353,43,81.95,6,4,12,2004,80
10361,44,100.0,10,4,12,2004,80
10375,44,100.0,11,1,2,2005,80
10386,32,94.34,17,1,3,2005,80
10398,29,65.6,10,1,3,2005,80
10401,77,92.0,9,2,4,2005,80
10416,39,67.2,10,2,5,2005,80
10105,39,81.14,6,1,2,2003,100
10118,36,100.0,1,2,4,2003,100
10129,42,91.15,6,2,6,2003,100
10142,21,100.0,3,3,8,2003,100
10153,50,88.15,2,3,9,2003,100
10167,24,100.0,13,4,10,2003,100
10177,44,92.16,4,4,11,2003,100
10185,37,100.0,4,4,11,2003,100
10197,27,92.16,10,4,11,2003,100
10208,37,100.0,4,1,1,2004,100
10222,38,100.0,16,1,2,2004,100
10232,48,96.16,1,1,3,2004,100
10248,30,100.0,7,2,5,2004,100
10261,25,88.15,5,2,6,2004,100
10273,40,86.15,8,3,7,2004,100
10283,22,88.15,10,3,8,2004,100
10295,34,100.0,5,3,9,2004,100
10306,32,90.15,4,4,10,2004,100
10315,31,86.15,3,4,10,2004,100
10327,43,80.0,2,4,11,2004,100
10337,31,89.38,1,4,11,2004,100
10350,31,77.34,13,4,12,2004,100
10373,34,96.34,2,1,1,2005,100
10386,45,92.08,2,1,3,2005,100
10397,48,100.0,3,1,3,2005,100
10414,28,100.0,7,2,5,2005,100
10105,22,100.0,7,1,2,2003,99
10117,45,83.42,1,2,4,2003,99
10129,30,85.41,7,2,6,2003,99
10142,38,85.41,4,3,8,2003,99
10153,20,100.0,3,3,9,2003,99
10167,28,100.0,14,4,10,2003,99
10177,24,100.0,5,4,11,2003,99
10185,22,79.45,5,4,11,2003,99
10197,35,93.35,11,4,11,2003,99
10208,33,85.41,5,1,1,2004,99
10222,31,95.34,17,1,2,2004,99
10232,35,82.43,2,1,3,2004,99
10248,35,90.37,8,2,5,2004,99
10261,50,81.43,6,2,6,2004,99
10273,26,100.0,9,3,7,2004,99
10283,38,89.38,11,3,8,2004,99
10294,45,100.0,1,3,9,2004,99
10306,30,100.0,5,4,10,2004,99
10315,37,91.37,4,4,10,2004,99
10327,37,86.61,3,4,11,2004,99
10337,36,71.89,7,4,11,2004,99
10350,25,100.0,16,4,12,2004,99
10373,37,100.0,8,1,1,2005,99
10386,30,95.48,3,1,3,2005,99
10397,36,100.0,2,1,3,2005,99
10414,27,90.37,8,2,5,2005,99
10106,48,61.44,10,1,2,2003,74
10119,26,59.22,1,2,4,2003,74
10131,26,85.13,2,2,6,2003,74
10143,34,85.87,5,3,8,2003,74
10155,44,85.87,3,4,10,2003,74
10168,39,82.91,17,4,10,2003,74
10178,45,76.25,2,4,11,2003,74
10198,40,63.67,2,4,11,2003,74
10210,42,70.33,15,1,1,2004,74
10222,43,74.03,2,1,2,2004,74
10235,34,72.55,11,2,4,2004,74
10250,38,62.19,12,2,5,2004,74
10262,35,71.07,7,2,6,2004,74
10275,31,72.55,17,3,7,2004,74
10284,32,64.41,9,3,8,2004,74
10296,47,86.62,5,3,9,2004,74
10308,39,68.11,15,4,10,2004,74
10316,44,62.19,7,4,11,2004,74
10328,39,85.87,12,4,11,2004,74
10339,50,57.86,8,4,11,2004,74
10352,22,75.51,1,4,12,2004,74
10361,35,100.0,11,4,12,2004,74
10373,45,55.62,17,1,1,2005,74
10386,44,86.4,15,1,3,2005,74
10398,36,87.36,12,1,3,2005,74
10401,28,72.55,11,2,4,2005,74
10416,43,62.19,12,2,5,2005,74
10106,48,52.64,15,1,2,2003,49
10119,28,48.17,6,2,4,2003,49
10131,21,41.71,7,2,6,2003,49
10143,37,50.65,10,3,8,2003,49
10155,34,49.16,8,4,10,2003,49
10167,40,41.71,4,4,10,2003,49
10178,45,51.15,7,4,11,2003,49
10186,28,52.14,4,4,11,2003,49
10197,29,41.71,1,4,11,2003,49
10209,48,44.69,3,1,1,2004,49
10222,31,45.69,7,1,2,2004,49
10249,32,57.61,3,2,5,2004,49
10262,21,57.11,12,2,6,2004,49
10274,32,58.6,4,3,7,2004,49
10283,43,57.61,1,3,8,2004,49
10296,21,45.19,10,3,9,2004,49
10307,34,53.63,4,4,10,2004,49
10316,34,43.7,12,4,11,2004,49
10329,44,86.13,8,4,11,2004,49
10339,27,76.31,6,4,11,2004,49
10352,49,52.64,4,4,12,2004,49
10361,23,95.2,12,4,12,2004,49
10373,25,64.97,9,1,1,2005,49
10386,50,87.15,16,1,3,2005,49
10398,34,40.22,1,1,3,2005,49
10400,20,56.12,4,2,4,2005,49
10415,42,57.61,3,2,5,2005,49
10105,25,56.78,8,1,2,2003,54
10117,50,43.68,2,2,4,2003,54
10129,32,64.97,8,2,6,2003,54
10142,39,44.23,5,3,8,2003,54
10153,50,60.06,4,3,9,2003,54
10167,38,48.59,15,4,10,2003,54
10177,40,50.23,6,4,11,2003,54
10185,28,64.43,6,4,11,2003,54
10197,42,50.23,12,4,11,2003,54
10208,42,63.88,6,1,1,2004,54
10222,36,63.34,18,1,2,2004,54
10232,24,49.69,3,1,3,2004,54
10248,23,65.52,9,2,5,2004,54
10261,29,50.78,7,2,6,2004,54
10273,37,45.86,10,3,7,2004,54
10283,33,51.32,12,3,8,2004,54
10293,32,60.06,1,3,9,2004,54
10306,35,59.51,6,4,10,2004,54
10315,40,55.69,5,4,10,2004,54
10327,37,86.74,4,4,11,2004,54
10337,42,97.16,5,4,11,2004,54
10350,20,100.0,15,4,12,2004,54
10373,29,100.0,1,1,1,2005,54
10386,43,100.0,4,1,3,2005,54
10397,34,62.24,1,1,3,2005,54
10414,47,65.52,9,2,5,2005,54
